,absentee,nonwhite,lunch,IEP,GPA,change,income
1,7.713775262,46.30145264,37.76430495,14.97552767,2.12206152,3.283591596,58420.08652
2,5.535686917,46.27048232,33.20975681,16.21215454,2.798428029,3.641521779,79111.55968
3,9.141540552,54.88485165,45.52920585,10.66462261,1.687376912,3.646940955,27962.23933
4,6.541148475,49.74060743,39.51576092,14.13896227,2.177393032,3.723708554,59920.24857
5,5.526343533,59.73440171,55.9864214,12.61404575,1.620695508,4.234985735,43648.74992
6,8.032302491,56.01245614,45.92607913,14.92238441,1.533791632,3.925875851,50682.63959
7,6.517038404,64.3315763,57.44217435,15.53849173,1.801211836,3.959558434,49294.34615
8,8.328230601,65.75338175,64.58585263,19.43376665,1.863902503,4.268908574,52004.66462
9,4.727148211,53.99870753,41.04759994,13.07346199,1.805994128,5.1351711,66309.20153
10,6.012879559,51.2480097,41.56109018,6.916867528,1.483853639,3.66621661,29541.4163
11,5.645372288,47.12405379,36.24405386,16.31258623,2.269928649,3.292163284,74421.38245
12,8.030853298,52.13503482,47.61970031,17.15787266,2.425546644,4.597944065,61645.03252
13,5.609285277,63.93034844,51.45698233,11.86755843,2.058881649,4.596331618,46150.18944
14,4.561056368,56.93703263,43.30997646,12.72521797,1.546749324,4.445490758,60783.57503
15,3.820928554,54.60330265,33.61686237,13.49919746,1.943303866,4.084517902,75434.61165
16,5.674156625,60.58434508,48.6782239,13.31768366,1.853035549,4.164291003,52758.63801
17,7.208058716,54.59629516,54.64568339,18.54234588,2.326685831,4.297513062,63143.41631
18,4.821515121,59.05558219,49.14703269,17.45659335,2.371333694,4.389581942,74396.08823
19,6.364157716,52.50673245,42.24965651,14.83881216,2.172675425,3.885097293,61534.35492
20,8.003337518,58.71482222,NA,14.14078113,2.075851572,4.024368636,44208.72151
21,2.743866599,61.25882589,40.71776593,10.92972209,1.585083062,4.653057999,64338.51435
22,6.181517085,43.25589019,40.55189285,17.62154015,2.166371612,4.163599719,76401.73397
23,8.789602521,43.32432516,44.88161936,15.96526568,2.074103356,3.653145925,52461.73748
24,4.855932863,62.33356208,48.83700214,15.33064057,1.979808894,4.73110644,66498.15221
25,6.538492712,57.47903915,52.14706924,10.32507042,1.329194283,4.709921344,34797.68743
26,5.268003648,47.45969483,37.83509705,9.950459164,1.962218625,3.578245159,48981.8298
27,5.32212823,59.11003223,45.14859488,15.759931,1.592546189,4.542773416,68667.3454
28,7.251418897,58.0596092,66.04205259,19.45646384,1.506196799,3.513595286,52424.12248
29,6.556963626,55.77099801,50.2561094,17.79916413,2.227844323,3.903626874,65509.6111
30,5.317768968,56.54361564,34.96046549,13.85439998,2.267498365,4.304617427,70312.30122
31,5.787212042,66.52002376,51.25203968,14.03122157,1.934301251,4.127223445,52718.37759
32,7.032080785,46.78196799,41.32903023,14.20744669,1.949664656,3.88850778,56738.07913
33,7.180372002,53.05655815,48.50623093,19.42840444,1.965763382,3.69776066,70207.09048
34,6.430854867,64.82090312,61.12018299,17.44692232,1.778764893,4.099651169,54540.28099
35,5.064710011,56.90599403,44.21594055,11.23580178,1.91106386,3.091548461,47369.26496
36,4.28279288,47.7436855,26.43176676,13.27350943,2.114811382,3.966936712,79084.4695
37,5.152313459,52.97850927,36.48533679,13.08733646,2.109135846,4.165808293,65810.71373
38,5.557333255,63.42120488,56.29771009,17.26436355,1.908303957,4.375388932,63157.48818
39,5.635965393,47.78612314,37.12849394,5.280232658,1.541854527,4.276976509,30761.9652
40,8.895586016,48.92296947,41.60016209,17.2977584,2.483852515,3.715715709,61190.32112
41,5.302030243,62.99336293,59.54935356,15.48150438,1.219565934,4.231546433,52613.44489
42,3.86940708,45.42069756,21.74771082,11.15821777,2.498934006,3.4623825,75229.77818
43,6.083161668,55.01654467,42.03637079,11.05503574,1.439358612,4.001838068,46924.22806
44,5.537818338,43.47870791,30.60072797,8.297197579,2.12872393,3.955622531,49297.73771
45,7.393485706,62.58703847,55.84978983,18.58759594,1.673250369,3.923396263,59333.27581
46,7.741112333,52.31409097,39.37991133,18.38913927,2.467453976,3.938114144,73444.99379
47,5.45725649,48.61281236,37.7670221,14.19115131,2.14192728,3.876356225,66923.24725
48,8.724438823,52.88726836,44.02085843,14.2021768,1.721194876,4.122408133,47434.50983
49,3.773503981,35.03583272,21.15060446,11.17685379,2.103148088,2.65789252,73151.71767
50,6.725063434,48.08129768,39.03444751,15.7363233,2.352952175,4.28955245,68320.18555
51,3.866685721,49.83643851,37.18751897,15.65738592,2.327170278,3.691487133,79895.28126
52,9.220668736,50.85485631,46.05238379,15.22737409,2.148882118,3.45069907,45798.04603
53,9.390646681,53.98401885,43.77459345,16.54212498,1.867040944,3.189097762,51380.24854
54,7.522036426,51.56701364,36.7620131,15.54774288,1.805110904,3.865350998,64153.72568
55,7.029446505,60.89954704,50.97222338,17.08997623,2.237488866,4.514365143,61962.68587
56,6.75324922,49.12260672,45.34579892,10.00178195,1.917401713,3.899977276,36831.44007
57,7.985247455,61.36213322,55.3871128,14.13909407,1.709286684,4.45975522,40792.79638
58,7.044483965,43.74803546,37.70964617,17.45982133,2.284941308,3.294918604,71821.35126
59,6.137384274,69.08622972,54.52692459,16.51610199,1.985059053,4.511643093,NA
60,5.461055014,53.94915866,43.22870919,15.71368375,1.946856484,4.008111113,68265.45105
61,5.313543671,62.67735691,47.10672709,18.14428858,2.226216806,4.266610459,76413.51206
62,5.180449314,47.89394297,23.35969318,9.156561816,2.066339071,3.527517465,59570.86307
63,4.481015793,56.63036062,40.36256393,13.47381404,2.276619536,3.796168498,65538.23808
64,5.56164986,52.10160129,41.05153009,11.73829767,2.022222266,3.712041359,52567.30318
65,5.802249904,54.97872115,48.3955704,16.69954255,2.17428817,4.144350605,66738.36514
66,4.213486428,61.93666147,53.97386322,15.78779779,1.855052912,4.062264826,63893.43631
67,2.136331979,43.23566733,36.58625637,9.961286184,2.061263464,3.486743728,63472.47253
68,6.200960104,56.96494752,51.19215099,17.01513494,2.43157827,4.226595357,64259.84988
69,6.28817984,61.69436278,56.34084424,15.76248195,1.363239685,4.4893667,53596.36259
70,7.203151629,50.37141849,40.82409283,11.98881159,2.225669408,4.241762707,48826.62376
71,5.652361207,57.59093882,40.75123218,11.10817981,2.211795611,4.085379921,51313.91282
72,4.592642932,55.18092384,35.96184604,16.71594775,2.45699757,4.742869885,86010.94767
73,7.156836354,49.08290067,32.39923072,14.57835648,1.953558231,4.490150016,68148.2137
74,3.575720268,42.31030156,26.71846964,10.83536523,2.311768605,3.925565073,71924.04067
75,7.577967942,50.44791353,32.45157538,15.40023252,2.217426451,3.39918831,66195.93931
76,5.047192613,47.32172604,36.00830708,11.37556722,2.079790181,3.286435803,56636.8389
77,6.603600682,48.41027021,45.22734385,10.58583851,1.550365205,4.340871442,41113.17827
78,7.793677626,66.86212375,60.11402136,16.30082859,1.343229882,4.003169882,44077.94598
79,7.115247912,71.04630221,64.20592802,17.35809914,1.587224131,3.959270019,47602.11395
80,4.200768022,54.39714747,34.82314329,12.04059217,1.569400907,3.291797469,63521.2643
81,9.159390538,55.92377411,52.60174122,14.28975794,1.869191808,3.637893043,36364.52751
82,7.181502423,58.6219634,44.4228638,19.72492971,2.118093782,3.897350672,76056.91117
83,4.117293727,47.56071221,40.57848265,14.7419561,1.854667643,3.266284824,69905.43224
84,0.564583239,56.80041244,29.18490061,13.75268639,2.535389144,3.376224095,92804.80263
85,9.979767647,64.09088184,73.86630166,19.47758378,1.649069403,4.480187413,36911.57589
86,8.088142569,65.94058208,60.44224608,22.22202549,1.827464239,3.472624111,65616.65371
87,7.556629359,56.52049768,43.23486191,12.40778097,2.186566318,4.150173015,46370.43113
88,5.339856053,55.67378795,35.24340565,10.94743081,2.464253724,4.516376378,58927.73239
89,8.265115283,59.82548279,41.70594619,13.07146981,2.072242502,3.885948628,46430.19515
90,6.288521607,51.80422959,44.38875093,16.29039823,2.218973839,3.593879724,64891.26941
91,4.655110141,50.53554609,39.25255034,12.94698441,2.253672237,4.297237388,65409.60709
92,6.054777153,60.92167635,38.40610764,13.37409648,2.340175881,4.19315579,61603.61398
93,9.170441619,63.17663837,47.23326613,18.08578204,2.079794276,4.009804728,58439.22879
94,6.023460738,56.61918317,51.52543327,21.63772617,2.270435217,3.775337033,82027.89533
95,8.35856667,57.44490264,51.79636537,14.5175521,1.608742833,4.023888836,42527.93089
96,8.065634123,53.9782393,44.50938551,9.337558413,1.760854603,4.742691435,31934.62624
97,5.703546819,56.70868342,47.09142565,15.45520961,1.830472211,4.930236128,65572.17093
98,5.039017955,59.14261136,41.43202699,14.56567841,2.186131754,3.97964973,67152.67286
99,5.241677563,62.49901489,61.56734384,16.43299383,1.384213048,4.456127513,55864.07286
100,7.219095904,53.865651,40.48688137,12.70531002,1.89011937,4.248553606,51652.07986
101,7.017946866,55.7001988,54.07492263,15.9339853,1.472528338,4.573644758,53748.68851
102,7.299945811,50.40977259,41.27973494,12.54113025,2.062240447,3.707143419,48237.1576
103,6.7138897,48.32267572,42.09682018,13.19221939,2.076517254,3.397736071,51638.12836
104,8.318240958,46.75963297,34.14752005,16.08324224,2.079355223,3.23733286,63563.46181
105,4.777676847,60.07259612,51.15962341,22.12109509,2.761098254,3.701253498,89969.4009
106,4.759769526,41.29962798,30.09091087,12.72041728,2.417189904,3.662574864,70667.64718
107,6.735457643,59.80951231,47.93357888,13.84278078,1.88462786,4.034942735,50656.42598
108,6.61454195,64.38395158,58.82153105,15.47024986,1.710193587,4.398513082,48715.96266
109,5.621335592,51.90641565,34.55071753,13.30938686,2.267136387,3.084273721,62976.31266
110,7.29915424,53.53393821,49.55379917,19.69801162,2.139241046,3.387560762,68945.26172
111,6.874748212,49.27231077,29.81504546,13.83387567,2.570225254,3.840031543,67146.90493
112,5.746263941,52.45283874,38.3105165,14.99669727,2.048065217,3.838715211,68228.75989
113,2.136614721,49.11208037,38.06017209,16.55777135,1.878992793,3.12429372,87775.97466
114,6.555498617,53.93183871,42.29500826,14.55340865,2.310169981,3.988171476,59989.36459
115,6.87509906,58.49146587,57.13850216,12.29267286,1.697996009,4.339475498,35908.9917
116,4.981998439,52.39664088,44.36623214,14.43927435,1.350623037,3.442505187,61413.13182
117,6.687446092,62.7313773,57.68297157,19.80446746,2.392535312,4.559355313,68647.07108
118,7.812587846,58.84716477,37.16317786,17.36931919,2.607733321,4.255970647,72208.15356
119,5.98773416,57.88710867,52.51838557,14.41598676,2.207571805,4.309205187,53254.99017
120,3.907063624,57.70134862,45.71738081,13.8787552,1.847215028,4.3444226,66068.63546
121,5.529452207,53.18437677,47.64703389,21.61122996,2.499081313,3.582064636,87283.34941
122,8.220562904,52.63787517,34.63109024,17.07672867,2.266316737,4.110332626,70792.19493
123,2.387321325,44.72735758,25.67432557,14.06520697,1.731169884,4.086863704,91211.45647
124,6.509583997,56.65057741,49.90403947,13.80999072,1.805302638,3.85720356,48972.48003
125,7.784099276,52.7560604,46.04937309,17.92272776,2.354406091,3.666667953,64032.5202
126,6.275274678,60.69895922,49.41603207,12.24037185,1.543705743,4.467399862,45750.69402
127,5.109263378,43.19468886,37.06355226,13.46426605,2.104782882,4.078015744,66778.77737
128,4.373784524,45.24617282,29.93728379,17.62643768,2.812512543,3.810054431,93596.85201
129,4.370265069,46.23559049,27.1873969,12.31738252,1.92416675,3.627867237,72695.12087
130,6.776005269,60.68813473,57.92104678,18.38923809,2.020609072,4.166980614,60466.63169
131,6.066684991,47.18566248,38.34747585,16.89633155,2.315862953,3.45542644,73661.56352
132,7.648655395,45.25037123,41.16906317,14.32805451,2.154836673,3.539694575,53772.5084
133,8.827088052,73.25854087,71.58843198,18.34622215,1.519545832,4.652756869,39710.68694
134,5.774686563,47.38923145,52.83094835,13.4812481,1.798310711,3.71316842,47604.81396
135,5.511097759,56.72416446,53.43521762,13.47787352,1.343275178,3.83943443,48016.68823
136,6.526208165,49.04086976,46.24754575,15.17219263,2.182143201,4.040561348,59044.54025
137,8.193214214,53.13582124,42.86653121,14.00593406,1.901182931,3.510383952,48074.07064
138,7.179981623,60.02951154,57.02965268,12.83609687,1.605826869,3.955384671,35502.83661
139,5.826665637,45.55462473,33.95042964,16.02001062,2.376694137,4.275618037,78104.24277
140,5.820770991,52.99858669,34.67723793,17.00623503,2.319750087,3.991873622,80412.52259
141,6.464074368,48.361003,35.99568105,16.54846812,2.242986025,2.958689182,70920.56119
142,5.148588828,52.79909471,41.90714329,16.71679027,2.514164288,3.472784566,73766.13638
143,6.641124541,45.42678537,33.43086728,18.62148926,2.148705503,3.666618432,83462.98331
144,5.865684158,46.37395456,42.12757533,9.897808726,1.512861925,4.332550311,44294.79411
145,7.394718757,57.26022275,47.22548659,15.29787313,2.048124463,2.828170317,50524.12839
146,9.290788317,47.7304342,38.7899217,11.9493672,2.37692794,3.573455733,39486.06903
147,7.047952285,55.28394354,54.66862795,14.09654174,1.958076569,3.986241518,44005.74884
148,6.046926793,64.86049545,59.92112837,16.94549755,1.317263962,4.410759938,55809.26718
149,5.87780501,53.34993009,40.60220859,18.30553825,2.075852459,4.732786659,82258.86196
150,8.508900517,61.8795567,61.02934332,14.14765138,1.505807046,4.744135215,34050.4875
151,7.313574735,53.05460774,51.57541041,15.87207002,1.800990277,4.312438257,54045.74388
152,10.16098412,49.94056595,50.00265983,12.95287579,1.902819107,3.630582838,29046.66814
153,6.799770566,49.17817461,31.79626519,10.83986732,1.809663601,3.604564868,51629.17249
154,5.947741359,51.4861004,45.18815796,17.76931906,2.063043262,3.160815009,70038.68823
155,8.698590164,61.26555148,51.59871607,19.87155682,1.979859675,4.140935575,64095.7594
156,5.968586436,53.74685914,46.44554992,12.81889985,1.791837668,3.539804,49363.29321
157,7.281094649,49.25100922,46.07469462,13.96850147,1.785458039,3.788737519,49697.83395
158,4.69619073,53.68198112,52.35045768,16.39769902,2.0528046,4.434834526,67421.30534
159,6.923539189,59.73668354,55.16850552,17.23343418,1.610845193,4.414381242,58055.96993
160,6.984189353,52.26402241,44.29668529,16.27798589,2.34801489,3.613844053,62145.79169
161,5.63458698,61.66889664,49.26370007,16.40989401,1.739633324,4.155105013,64957.17403
162,7.258794108,50.77019698,37.64712629,9.910274446,1.964200387,4.052356922,42052.25929
163,5.595672184,53.78060197,41.86134257,15.91021921,1.892145318,4.334120083,70841.87831
164,7.304170731,59.3864081,49.11661299,18.96361228,2.209498334,4.460916744,70037.17559
165,2.425895232,49.89788147,38.57728159,15.66277871,1.751067531,3.802987224,84554.16907
166,8.026856164,58.73224095,57.26420959,17.69623685,1.672775829,4.485313515,53583.89125
167,8.671657125,58.90324037,51.48601209,13.79425449,1.557497401,3.771228228,37554.22132
168,7.234124402,60.29802442,52.2494377,14.66112111,1.481550387,3.679812228,46175.56288
169,7.2694986,59.59285875,56.10044286,16.97257333,1.940033729,4.574595566,55538.90577
170,4.464821626,48.81006576,26.90872467,15.70365524,2.39495704,3.792667856,87569.10185
171,4.334960896,55.81264426,39.16509432,9.703174248,1.952237364,4.38328978,53422.31254
172,8.383972516,56.53172516,51.58837881,16.90708247,1.873530933,4.352823757,53892.58273
173,7.345922173,51.43147978,45.68948856,13.95624925,1.87401036,3.795719131,49833.50164
174,4.516007903,57.75186514,44.89735831,10.03776078,1.594167885,4.187205307,47572.67459
175,7.034975034,48.51633214,41.78895089,16.4436434,2.23530708,4.06245202,66409.86156
176,4.580824575,49.34021689,40.65031369,19.0771299,2.326330954,3.146430912,85802.85005
177,7.598714299,52.73817996,46.90895518,15.58071919,1.405709817,4.107446934,54848.82196
178,5.397476764,48.64994054,47.99177511,15.25419992,2.447736838,4.162473572,63313.35828
179,7.73937845,65.41467765,54.18353275,18.74992546,1.976274823,4.015056422,60703.04829
180,6.368331404,50.94611811,47.10483511,14.25456984,1.609363148,4.66194853,56635.20367
181,5.3818076,51.64573551,35.71697371,14.30159312,2.172649215,3.646396359,68837.8131
182,6.1439182,62.29368835,53.62558806,10.88422435,1.441465447,4.258904279,35942.68314
183,8.063607523,56.58708862,55.03438357,13.07708592,1.263882546,3.53754866,32779.19381
184,6.540760622,54.07534041,50.72583248,15.51512365,1.73996111,4.260035959,56433.0414
185,6.259237765,65.03357276,68.88859611,16.4679982,1.239966945,3.989101729,42996.81747
186,4.500554407,54.05994464,42.72704898,16.14290224,1.685991214,3.880901391,73902.07955
187,7.326372995,57.97898051,55.58092179,16.01425694,1.940347409,4.582306183,51871.92898
188,7.445259345,58.45635859,50.19033429,11.34428725,1.484507294,4.114298595,35044.44341
189,6.210566557,52.78789195,35.61452884,11.55733151,1.991173334,4.14021339,55559.71347
190,7.806236854,53.54220146,36.48141788,11.7632428,2.074291762,4.54699464,50231.61362
191,8.366526326,42.78592841,46.78799677,16.63611785,2.149300948,3.320082253,54197.76086
192,5.075790268,49.06431334,44.8148956,14.48102132,1.864912964,3.604804148,61914.89019
193,6.643228461,61.89122519,51.62540798,20.4921632,2.205541277,3.922155314,74944.4973
194,7.349027276,62.12192202,47.09863459,9.748587922,1.688313646,4.40664951,32978.85367
195,6.359088611,55.71761344,42.12497378,11.56297536,1.816704997,4.172246002,48746.54111
196,6.273288133,42.39938598,27.36746766,7.20570057,2.072583835,3.383497534,42642.20934
197,5.038904659,58.95381793,36.09919703,16.09498645,2.335042077,3.894033352,78316.3608
198,5.666072522,60.43128524,36.79723834,13.04503938,2.262529722,3.697392791,61632.31359
199,6.818682973,61.27206308,46.59883283,10.68490448,1.70880384,4.836240487,41092.80379
200,6.206467218,54.49602415,48.19530054,9.786071756,1.636061167,3.877052951,35191.9591
201,4.905735719,55.99042135,53.51553914,18.66504333,1.829967717,3.815480337,72374.82286
202,6.142633525,47.39104757,36.89524335,14.27744679,2.603392934,3.12424653,63076.42922
203,8.865233167,49.15700257,45.23668803,16.60030331,1.922642549,3.195603348,52630.47232
204,4.979554553,50.90491529,30.61087543,12.19672536,1.865921109,3.911587948,67253.46612
205,5.206327497,62.66454885,52.743612,17.0679589,1.768144173,4.176227216,66347.27708
206,7.930173532,50.3754827,42.91921868,12.37596298,1.851276293,3.758604082,43260.87488
207,7.421363816,47.99509299,38.68777019,21.92505209,2.43964406,3.712225621,89261.53317
208,4.942080387,55.83555487,36.65050549,17.61281013,2.041311885,4.064430025,84759.63231
209,4.124439597,58.38346445,40.554213,13.32763137,1.760704392,3.924940809,66149.72481
210,9.175161119,53.90203344,50.0627197,20.95719686,1.974176389,4.32248863,68638.88089
211,8.012190487,57.37194488,50.63867963,18.90799482,1.772257651,4.302788585,64332.3904
212,8.259742201,53.62955863,48.61227469,18.02222282,2.275722403,3.638122142,59808.98296
213,4.464697615,42.20385856,36.74241275,12.01978512,2.152999276,3.318346628,61337.70484
214,4.25643023,58.13838042,45.38481179,11.73572331,2.031462306,4.4845263,56731.17729
215,5.398188467,50.59083973,31.0442529,9.389320328,2.18033639,3.915422592,53843.6132
216,6.012706926,48.77341281,47.28977391,14.738055,2.111218977,3.580709424,56824.35041
217,7.928191118,60.24174879,49.44961243,16.20025053,2.058185159,4.474841126,55533.32056
218,9.307630844,52.32690028,50.08822108,18.14883885,1.558505331,3.289596149,52468.32876
219,7.295525793,65.61308653,55.39207813,16.39789576,1.707619427,4.570606483,53404.09348
220,7.871573793,60.58744985,55.5122382,18.40280074,2.038199997,3.40421713,55462.60073
221,4.136300754,48.20070082,39.15253367,16.02978421,1.896566002,4.295059096,80052.46563
222,8.302927226,55.14761096,49.81938358,15.0513803,1.485102661,3.068357655,43405.30072
223,4.925779104,43.47740771,29.30217568,14.92325308,2.796596776,3.485271289,79558.92298
224,6.477401351,53.2922591,45.05107922,14.76580529,1.772957656,4.100087482,58419.95721
225,5.380242109,50.37934677,28.86368071,13.06118069,2.183496947,3.69026449,70320.87915
226,5.574891333,61.14808808,50.22384039,15.93479687,1.935832614,3.3708013,59873.72982
227,5.974028144,50.69143479,49.54424326,14.73042446,1.83476547,3.528169415,54348.08822
228,7.716476165,44.59782164,33.96165548,13.70548889,2.258184988,3.511902815,57684.79371
229,4.612863816,51.7648157,38.72013063,14.85203687,2.278201008,3.943560074,72737.25074
230,7.985576785,58.78731565,44.80568985,18.42736083,2.237840654,3.47752663,65581.83296
231,3.931040357,56.32015971,51.15174252,18.43584083,2.19918642,4.007883162,78895.87844
232,5.96659914,61.37100384,52.33813822,13.41758654,1.72457585,3.75146545,46918.02861
233,7.461742928,55.62171562,58.63940815,19.76775466,1.889950381,4.221829697,62615.50548
234,8.228164256,44.15013875,33.75259694,16.45203906,2.278160149,2.590960791,63851.2435
235,5.775861756,53.72382278,39.28776286,12.04534408,1.680365912,3.946801214,54983.19393
236,5.421234992,41.59304283,21.93905122,9.47840054,2.658288042,3.833793358,62950.70077
237,6.642575456,60.15228756,50.75973939,15.9928869,1.937294713,4.431002685,58690.51375
238,6.678402285,67.01602078,69.2501623,21.79452375,1.446933484,4.139196437,63536.10684
239,6.231503471,53.47020316,27.33677366,16.95123463,2.746398881,3.92494203,85527.32999
240,7.581668089,56.61918282,56.04789593,15.57895527,1.8622019,3.978096029,46386.7705
241,4.860557507,51.91012223,34.30769979,18.0756531,2.009165445,3.880161538,88570.59361
242,5.059070684,52.47255017,44.5159044,13.09903576,1.943534874,3.876437055,57567.47099
243,6.859135954,50.48306644,43.00957391,11.5537795,1.522802014,4.000092827,44858.18377
244,7.575347546,56.30950586,49.90366027,18.74875864,2.033773512,3.761279364,64670.0256
245,7.543190179,59.96176219,44.93955359,15.86303901,2.082570443,3.977004981,58331.34131
246,7.722075323,55.39163641,39.3930189,19.81691105,2.301123265,4.109041102,79779.15596
247,7.107607814,44.93775706,37.53047784,12.29845165,2.039162241,3.58468265,51168.68559
248,7.12840428,53.30385015,46.92045337,17.42685016,1.936381787,3.558295094,63151.73384
249,8.438296694,51.15964321,55.41892507,10.8295707,1.131183141,4.771987601,25701.89201
250,4.307932131,62.07469829,49.80828459,20.52178423,2.151731307,4.347378192,88201.83431
251,4.917548748,62.78702641,41.97303476,8.76937009,1.657828605,5.095048017,46517.80415
252,7.351936044,54.71687394,47.95306419,16.17757486,1.872992105,4.357669496,58751.99038
253,4.480873471,47.56271351,42.70054454,12.26026631,1.913315256,4.235344301,59536.9032
254,7.23755487,54.98834637,40.72130785,12.43469863,1.717571691,3.964046739,49058.55898
255,5.156509813,54.68331695,40.58042464,16.15814978,2.09082845,4.589742647,76041.12327
256,9.138532652,49.04883516,30.6703126,12.82249517,2.380846362,3.507742375,51104.42766
257,4.604540439,56.46820484,41.73901767,18.65684782,2.429744476,4.361406538,87195.12523
258,4.54295216,52.80991096,44.13997941,12.45744065,2.107267438,4.21464196,58835.55912
259,5.726889191,57.60395366,49.4826841,14.27776889,2.102421854,3.93694283,55250.16151
260,7.31866011,55.85511027,48.15213872,13.38493955,1.844891748,4.090441352,46239.93322
261,6.829463139,64.71441801,55.60053951,17.42250659,2.100965114,4.745092681,60474.3875
262,5.942136419,40.12048694,31.85034878,17.75197588,2.36197508,3.415040638,83771.4604
263,8.80358568,57.64149252,44.70410716,16.07151589,2.227221472,4.379357174,55562.61893
264,4.068050444,53.97010354,31.60019298,18.55207023,2.406572979,3.870193073,96857.98749
265,5.408702432,52.56753797,45.26016497,8.507608741,1.12518474,4.11254208,36362.02058
266,4.765582712,57.27988116,53.11366855,21.16521517,2.267679311,3.789711165,84037.80873
267,6.374045704,52.11356817,35.95541077,20.03389381,2.729567157,4.185813406,90442.73574
268,6.687041168,67.23125533,66.4635966,18.67238919,1.735348659,4.916426989,56237.06439
269,6.245414759,54.51268753,34.51128057,15.25986441,2.323364287,4.027048242,71661.08073
270,6.754131584,57.28851677,51.72087891,18.02170683,2.318672133,3.80659106,63962.20788
271,4.919858446,54.58293454,44.67271691,11.58529612,1.255622056,4.254962099,52311.60362
272,7.87580854,57.76485143,40.84663826,16.61865294,2.251388715,4.326606548,65255.82038
273,10.14660692,52.58676547,49.46741856,14.82785444,1.765055439,4.404343353,39829.83601
274,4.626627228,46.29010849,23.885663,13.18674881,2.341956422,3.724515329,79059.35557
275,5.995642979,46.51457318,23.28133293,13.84378584,2.607834303,3.696372746,76646.73294
276,7.078488759,58.7464096,50.79662795,20.97130615,2.192403827,3.706063375,75091.10658
277,5.209599742,47.0915219,43.64086379,10.65048547,1.881979607,3.717179119,47076.9137
278,3.911640024,52.07309954,38.6270839,9.836925066,1.774042989,3.658481768,53630.30343
279,7.083634564,45.59611149,45.31689306,18.05399347,1.883454094,3.340910184,66683.32853
280,7.770835004,57.14708952,48.89449969,19.45355717,1.914782133,3.664185868,67206.73651
281,5.371979359,51.11953908,39.3420127,15.94720306,2.337943639,3.611987733,72335.72246
282,4.738696426,50.81800344,28.71511506,9.412669773,2.039295994,3.88562411,58692.2602
283,4.980754307,47.58718434,26.31141817,3.777210367,1.98272378,3.694156312,35984.50388
284,7.668298152,52.40082179,53.74262069,17.82685556,1.908125335,3.1692793,54731.29611
285,8.059681876,51.73046033,49.56831218,16.0003754,2.078607208,3.649553706,51279.7974
286,6.649524653,58.8044575,46.67304277,13.15084705,1.77831372,4.792146962,51855.37529
287,2.72358173,43.24158391,27.08865254,14.34359049,2.630800701,3.232695211,87648.5601
288,7.906526917,56.85958082,43.76919494,11.78540542,1.551960121,3.839286886,40029.95374
289,6.113544216,48.45321257,43.71806336,14.4336157,2.058247064,4.118875597,60279.15147
290,6.038370669,56.47987429,46.84228537,15.09606896,1.996126883,4.467517779,61476.61091
291,7.452390893,53.84815507,49.3495641,18.84212772,2.381470108,3.537045829,65731.01097
292,8.953374638,56.21125802,53.0648788,14.59166867,1.726178378,4.365542922,40408.52337
293,4.38253541,41.37941459,32.53240235,17.53077835,2.899582196,3.071043935,88315.5986
294,4.086172932,54.32408838,44.07971027,17.47426179,2.323373217,3.99390474,80990.89316
295,5.860849708,54.12625341,37.98000541,16.44616255,2.001665408,3.757538377,73674.30187
296,5.896562574,47.94452605,39.48155155,22.06419937,2.414961585,3.705815253,95591.69626
297,3.455129482,44.79687243,31.39157875,10.12987399,1.984840212,3.268081337,62514.72944
298,8.542745999,51.39163665,28.75476328,14.83568458,2.428820451,4.058402742,65683.82432
299,9.478493403,55.44156704,53.5513358,15.56366635,1.523928821,3.549644807,38674.13291
300,8.314861449,59.07515583,55.96377504,16.71460329,1.980051653,4.355041092,49405.64692
301,7.274998893,54.22980642,56.66699597,19.94248777,2.358176755,3.841937385,65200.67642
302,5.815632801,53.50932511,41.72859944,13.83035531,1.830936537,4.45837492,61814.26822
303,5.923769267,57.54335885,48.16210965,12.11753119,2.011913359,3.596731254,45467.14287
304,6.040328047,53.54551984,46.49434142,9.890202733,1.365740574,3.641512133,36824.61432
305,5.943350759,56.20569202,45.8115813,14.31987907,1.466824321,3.575799384,55996.48583
306,4.469266484,49.23442771,34.86489892,17.66187653,2.623833825,3.854541222,88634.45944
307,7.011384166,65.59007196,54.61143323,17.37879782,1.869201759,4.325858039,58731.32314
308,9.017993806,58.09625566,68.67738668,20.66250806,1.65250833,3.797497051,48479.78196
309,7.871679045,58.26775383,53.32346814,15.61920298,1.698313538,3.964739663,47617.27602
310,4.762663435,57.854911,33.32283844,12.6688772,1.946624593,4.06293497,68147.02023
311,7.851445312,48.60862624,39.52230827,15.36156126,2.199844954,4.07885725,60582.72108
312,6.371993155,NA,32.56482335,18.44065511,2.94934697,3.239614465,84051.35791
313,5.73991248,55.05440697,42.17079125,17.56834295,2.742200699,3.985437392,76488.9069
314,4.498774582,65.12593306,49.71436035,14.29124904,2.082306704,4.20081229,61190.3209
315,7.352609388,55.68936916,51.58990773,16.75034449,2.133804197,3.769672788,55957.75798
316,9.55543472,52.61375635,57.70625761,15.14456255,1.397779356,4.020121282,34233.66116
317,5.321500051,60.05661879,45.36385673,12.33432338,1.975093075,4.324247238,54013.22322
318,3.694123895,48.06384119,34.8853013,15.37950503,2.290109821,3.856948666,82189.90565
319,5.686988457,56.08050914,50.71100484,14.73637365,1.846545903,3.694458978,55056.25399
320,7.756663549,51.70588898,41.90911083,14.25963844,2.046064606,3.698700776,52710.60546
321,5.608953817,61.65568394,44.95359349,11.54125752,1.353340082,4.127163164,48517.99113
322,4.33295016,46.92312909,41.92571047,8.131599297,1.771320239,4.20308726,43622.36928
323,7.647553982,61.68925694,52.0846338,14.07862514,1.555870806,4.5031229,45062.80812
324,8.028457589,52.51081098,36.34837889,18.83431127,2.712474347,3.510883979,75678.04276
325,6.31547904,65.82368239,58.63668381,20.94456884,2.294087508,4.634577471,74175.94113
326,9.03108978,52.69998954,43.19503348,15.69808616,2.429841696,4.021658508,53488.89509
327,4.396290291,51.20410309,37.78665459,12.13506783,1.8580958,4.124330792,63510.62626
328,7.005293912,54.09028115,40.76976886,14.7509467,1.906074164,4.070671618,60137.36379
329,6.831299651,54.86952184,39.33642446,18.25130661,2.250474786,4.387805746,78115.90994
330,8.101950588,45.451616,24.66580552,10.71706681,2.07730249,3.278120531,51403.59899
331,7.342223564,61.34231433,62.09692032,17.82323756,1.317021367,4.511571822,52202.27613
332,5.838681596,59.50932063,46.66773992,13.88078306,1.539622853,4.389725238,56694.76376
333,7.016814599,64.46960199,59.06779341,16.03845086,1.773566621,4.233578659,48599.67793
334,7.820042225,61.89957145,58.52267437,16.03777707,1.695731961,4.316440445,45878.06565
335,8.976902769,53.00048608,49.28026245,19.39774234,2.372882205,3.603495364,61764.42307
336,6.964681052,58.39579508,52.29819824,20.48969823,2.432950945,4.346508317,74665.40203
337,5.577945939,51.97495866,43.06989843,15.95037618,1.737829391,3.896957818,68289.95143
338,7.486201508,56.61139171,49.6472187,12.79449426,1.687053825,4.281170633,42165.73563
339,5.040184119,64.36360169,41.15072364,9.547844518,1.85990767,4.464100743,48003.32501
340,7.73872047,58.35536089,42.70755915,16.47377611,2.802814303,4.367278145,64248.44118
341,7.28360507,52.73124469,47.74376358,17.30533182,1.922639182,3.430910863,60764.23901
342,9.498305549,44.64494244,26.81939694,9.874242802,2.343386945,3.69042129,41638.80323
343,8.63526489,57.29314662,61.37540504,16.6121998,1.395206466,4.362422117,41938.56369
344,5.676583573,49.77977689,28.96725413,13.36444532,2.158502596,3.890462017,70868.30369
345,7.734381802,51.19917969,49.78771271,17.15662603,2.155874147,4.150908486,59053.61124
346,6.466458175,59.71436308,45.67301034,15.7169281,2.120213944,4.732984975,64316.54328
347,4.964604844,54.5563756,55.59727438,13.16571202,1.454139671,4.147635977,48255.79201
348,5.269409599,51.02767815,29.24768676,16.27781735,2.359057383,4.371210574,86227.43903
349,6.014281974,60.28389228,48.19212301,14.07328208,1.951387152,3.667401351,53264.17707
350,3.978809972,55.39419023,32.6541859,15.49564794,2.673602327,3.962156227,84260.01617
351,8.038009995,62.95993095,56.25834701,19.71584515,1.886092326,4.540208916,63189.5572
352,6.299741812,47.93253192,39.17556571,16.56352923,2.132236195,4.284474238,73164.0282
353,7.561208733,56.33033205,63.08234505,19.67893131,1.663735809,3.753831002,55795.95621
354,7.400093896,49.59446901,39.06001483,12.12600665,2.514916205,3.701048021,48657.9205
355,4.801106792,42.27598778,31.2663337,9.198912618,1.639512042,3.706585096,54166.9254
356,7.863153279,49.45409087,48.81614588,20.20913345,1.798112421,3.120410199,68055.85588
357,7.4083115,65.35910705,68.02684044,17.39309254,1.463405764,4.214358478,43700.27204
358,5.721257464,60.04425358,46.82884428,19.68943996,1.870724213,4.306064975,81055.3294
359,8.336381355,53.32893328,52.08534498,17.79816396,2.01698613,3.847701842,55746.03305
360,3.41509825,47.07735418,30.28337976,11.29933142,2.269225302,4.208130666,72078.09128
361,4.883066909,63.15595774,56.93618586,15.29464193,1.354881531,4.492783378,57136.76694
362,6.972298618,57.75826451,50.64435674,17.86357654,1.587663556,3.942413842,63040.84186
363,8.731722142,55.7368312,60.53504962,14.17042506,1.608750454,4.255925495,32129.70994
364,6.749049134,48.80166543,41.36078193,13.31398227,2.046557912,3.992667709,54691.79613
365,6.996687914,59.14656226,47.68828661,13.22416134,1.734971895,3.973276026,46842.98639
366,7.268050234,46.94201552,36.94395119,11.53866484,2.297191094,3.735651982,48686.20155
367,7.934661719,56.62108639,60.66176039,19.01120673,2.053466311,3.653601699,53787.39003
368,4.349063774,54.18327032,42.15140631,9.330455744,2.300297804,3.784096022,47361.63383
369,6.871660064,59.333091,49.31385773,13.4487573,1.912151499,4.121013323,47486.83867
370,7.401006756,57.83429491,51.1180467,16.52675397,2.101234804,4.054667834,56199.56637
371,8.332435292,69.64034284,63.63607095,11.98228635,1.47797752,3.697637601,19745.46795
372,5.984407925,56.87081436,48.04155899,12.80223749,1.990668338,3.606668759,48157.22382
373,5.93603982,38.27177629,33.66924447,13.32091376,2.019978039,4.099702273,65835.11477
374,4.485174035,47.32123075,34.05636409,14.71960258,2.745468971,3.828828256,77259.56027
375,4.061606021,51.42630746,41.03294688,12.94067601,1.729955653,4.20203603,65354.27669
376,7.176838236,61.37403981,40.57972381,15.85181785,2.093336947,4.266185716,64936.39577
377,8.206125379,48.26870465,44.18468065,13.25017318,2.306054788,3.876773988,45418.60272
378,8.083504006,57.31810261,60.31065511,21.71703875,1.992834555,3.901224898,65407.71375
379,5.439942036,67.65077369,53.89461188,14.2752293,1.318141945,4.223926463,52387.8925
380,5.162962855,62.73108698,42.50282299,13.281063,1.823577309,4.588333451,61995.06292
381,7.321556895,64.28036393,50.81935326,13.45264896,1.882300356,4.45301243,45233.51608
382,4.154992876,61.76170263,42.3509534,14.8545924,2.142408009,4.047094686,71443.07245
383,7.642126463,51.00389539,42.15445201,13.92705934,1.938113145,3.301885197,50121.32587
384,5.463298157,50.94001661,37.43954993,14.98532947,1.709435786,4.005074947,70425.16813
385,7.602121159,59.33315553,49.44981686,15.14629911,1.896050591,4.088038226,51085.97567
386,5.678063421,48.83506435,36.9824084,15.71861846,2.910771646,3.814496279,73634.82112
387,7.861319435,47.06302706,35.05345134,16.50450577,2.052933897,3.8584093,68523.25457
388,4.542332099,59.93817213,41.07199174,10.8736561,1.8493652,4.453111818,55664.36575
389,4.665796387,50.03325062,43.75198377,12.74186711,1.756664743,3.928992754,58494.73658
390,8.522313904,53.26250712,50.56716875,14.13366609,1.82951882,4.139720818,42069.25743
391,4.14007187,52.38987669,33.23072568,17.06572902,1.924983564,3.839763605,88275.55524
392,5.970119423,46.97505464,29.80725201,11.63053579,2.1281625,4.09373488,62366.56042
393,6.396152386,50.33679941,25.35190142,9.733704823,2.261056031,3.290172451,54239.92347
394,7.881265342,64.72970654,59.49321061,23.52955726,2.440117136,3.686610066,74203.09316
395,5.176480463,54.81878027,39.73697281,11.02274016,1.760276954,3.837977489,52627.21969
396,4.30086893,41.18511405,23.84355349,10.82646165,2.485519073,4.020048789,71989.82847
397,4.724002798,62.17873635,48.55130541,14.18365483,2.049840319,4.65203193,62411.62283
398,8.737264511,55.66355421,60.59459826,17.08091068,1.474397536,3.703331947,41990.89806
399,6.767330821,59.9166869,48.02679012,10.15437415,1.637245772,4.448761124,36387.12841
400,6.340492507,51.6546098,36.04632356,17.5794522,2.462282308,4.24265915,80293.33041
401,5.377549844,59.17854138,42.72919592,13.67687677,1.774789105,4.827597082,63292.22505
402,6.432902932,58.69999528,42.23006959,12.93363943,1.808501027,4.278085334,54311.00086
403,7.241848543,59.95722018,54.37233275,17.23316176,1.993508773,3.66357301,55264.26952
404,3.945735218,55.87278209,43.91420814,14.2110234,1.837597074,4.697420823,70180.3318
405,6.273433452,59.43946969,47.56383003,13.20979527,1.819361104,4.050808703,50364.2748
406,3.916699837,48.9594999,39.52042286,11.41997021,2.206770538,3.401108256,58909.77373
407,10.14352538,58.72325635,55.39043032,12.22054706,1.767489042,3.511940455,20432.84419
408,8.061128887,68.41609157,57.6555517,19.87489815,2.230858084,4.196359582,61588.3685
409,6.789750558,49.34137547,38.09769214,10.4966465,1.95312871,4.223846821,46651.63507
410,4.920168385,45.91195563,30.31738384,11.89877311,2.213673654,3.629996923,66007.71712
411,5.957091418,58.32625047,38.65667369,16.31004634,2.4541279,3.63577753,72111.42643
412,8.331868559,44.73565556,44.04131006,10.8324248,1.587964647,3.681441376,33614.59936
413,9.561042793,51.74826152,50.70467423,17.86775698,2.323441868,3.886487153,52549.24379
414,6.844496208,47.63213752,32.6862604,17.0685646,2.560716565,4.158632121,79019.44677
415,6.389877993,48.6102613,31.24529676,12.30704261,1.933053252,4.077675369,61722.21253
416,5.985423184,57.8915376,50.64647351,15.36175319,1.567523687,3.983019175,57084.90246
417,6.250546552,48.70811864,37.32721945,16.32961861,2.380869281,3.360827145,71224.85405
418,4.967282732,46.66069864,29.8661909,12.42622436,2.162952808,3.971677188,69517.08367
419,7.283826432,51.82781027,47.67516748,12.98063347,2.070757983,4.51394986,46910.92362
420,4.185572792,49.41911626,28.80573699,11.97966072,2.462386064,3.811397731,71781.68745
421,5.469723302,57.23062243,43.61914806,12.91129001,1.644533229,4.471251066,57552.57284
422,3.231031341,51.28761578,33.41988252,12.52537533,1.817747991,4.10961772,74114.60417
423,5.823102702,53.19300586,45.67330815,14.07511188,2.2868654,4.405072104,59419.48005
424,4.993906759,51.47018439,37.80050571,15.49315404,1.913190885,4.205520219,75106.83536
425,3.968442618,64.69571191,54.88537925,18.27492122,1.93875312,4.188816789,74847.41405
426,7.359107343,65.05478396,57.46476289,11.85489973,1.639432246,4.515859985,32211.89553
427,5.135423125,55.3044132,54.49846647,19.28127596,1.715359386,4.126189274,73958.09982
428,7.22609093,51.63374316,40.88961202,16.23168169,2.201457987,3.484734206,63503.53942
429,7.803819895,60.92670888,41.3167145,20.60618726,2.512382613,4.44171634,82214.8569
430,5.382971831,44.20961944,28.24816186,11.92144406,2.478728396,4.016973343,67689.68249
431,7.144777466,68.12791153,61.74686672,16.91620534,1.671562448,3.758177804,47379.03459
432,7.124804909,63.42481657,55.12849225,23.47787042,2.471842461,3.458173938,80581.93665
433,6.555291718,58.97124236,55.51032803,16.30296121,1.749572865,4.482663957,55877.71602
434,7.662292485,53.92751091,44.1716783,18.02587174,2.463024392,4.06483992,68220.83694
435,5.756905327,38.35733281,32.07841224,11.98740944,2.05779173,4.073449731,62548.9594
436,7.01953754,53.75710902,43.98480488,10.33547929,1.689442852,4.163463838,38956.7475
437,6.786633599,45.77933854,38.50382333,22.0472967,2.41349728,3.257507833,91084.89533
438,2.503541139,53.70622535,39.01136784,13.87288801,1.834455619,4.115353654,77576.99482
439,8.450320864,65.03330244,54.71866963,14.66277756,2.172347967,4.693801946,42866.08639
440,5.832697399,51.99911691,39.62709059,18.6641945,2.434869743,3.816658828,82091.11463
441,3.611786505,56.46619767,44.85559123,11.31356632,2.051153873,3.812845583,55975.17689
442,7.829784547,62.6846151,58.65391876,13.80448605,1.546783549,4.051241272,35426.3662
443,8.07230444,48.44171655,42.64807373,17.81248627,2.333569007,3.736746508,65777.20385
444,5.023871727,54.54720113,51.20541554,17.61192457,2.324684356,4.278307031,71841.83486
445,8.165766418,62.17433991,57.0048347,13.11180827,1.418831801,4.432105567,33848.76853
446,5.189557248,65.29651433,49.46886589,12.86876463,1.716505743,4.59154309,53534.71405
447,4.249169194,47.13388553,24.74747182,3.471439305,1.50238398,4.491722739,41554.46564
448,5.708216022,47.326242,43.66344281,17.09571448,2.084315494,3.777809181,71902.52961
449,6.703179418,49.47105741,51.18398526,16.84405477,1.882733694,3.75476439,59235.08587
450,7.74762508,56.84302369,41.48040776,12.42679068,2.106127157,4.372244868,47944.93641
451,5.848699427,51.01553368,39.52302286,16.02147531,2.601336796,4.365767059,73314.26011
452,5.786250294,59.63774936,55.43944069,13.44036379,1.900173467,4.328951384,47081.79075
453,8.519369892,59.31031889,47.66996771,19.34607866,2.373949014,4.019205061,66407.18119
454,2.28648462,52.58811684,35.1821408,13.94345547,1.874207842,3.740159774,81143.25401
455,9.333621455,46.50940439,44.96479411,14.64100216,2.262139316,3.393148067,43875.86267
456,6.085725258,55.07739395,43.88314027,15.64483425,1.940540586,4.348775997,65844.79893
457,7.672971867,58.36100134,53.23429214,19.84176021,2.112909446,4.064538587,66753.37788
458,7.013806869,51.29003392,27.8477622,14.60869863,2.29963642,3.817934905,71193.39805
459,5.484305684,55.64988507,39.80052242,13.08998469,2.545515825,4.837234696,64066.5491
460,8.42107682,58.67471706,46.70315207,20.64373765,2.198215411,3.679138823,71720.68922
461,4.812533822,55.85439909,39.33383592,14.93425358,1.92382666,3.903964615,71084.61675
462,7.092578468,63.60403269,53.94207897,17.94805374,1.695219328,4.710183527,62504.04725
463,9.253714063,59.71695968,57.31627218,16.84177342,1.676696941,4.222554849,43835.85867
464,6.521618294,60.34514388,49.48369958,15.35303726,1.948456948,4.921627401,59469.75722
465,7.744414395,47.31469618,33.77798696,18.83708746,2.642368555,2.979146786,77446.62887
466,7.567491248,53.67569509,27.37612468,14.52770276,2.551026259,4.297909337,70835.34396
467,6.677498215,53.56257023,45.31549167,15.67679972,1.889820415,3.783344403,60101.57515
468,6.250506795,52.59699605,40.94038046,15.33782592,2.203589028,3.928860674,65488.26854
469,3.905003795,60.47009722,51.6369464,15.84085193,1.730597902,4.639861779,69489.98893
470,6.810894526,49.60163111,40.4264954,10.54181381,1.650632397,3.742494875,42572.86505
471,6.535563498,63.52441735,46.25330202,13.27208367,1.927373348,4.515966258,52411.35026
472,9.490301018,63.64715144,64.59075202,15.44210913,1.5246349,4.146844984,29783.87089
473,8.035602204,49.76426319,40.56977791,13.05795991,1.951284305,3.715467391,47783.57574
474,7.405880406,59.2033653,46.40376261,13.52577113,2.171918057,4.628511962,50270.03303
475,4.243958748,68.50977408,48.17136998,15.13381686,1.77839584,4.335099339,67301.86279
476,5.150668162,52.35021516,44.05924045,16.52277935,1.839100904,3.603258571,70653.70236
477,5.091482792,60.14314187,40.24530537,11.94638195,1.625075443,4.416095629,58123.74958
478,8.164193421,56.15209725,47.71750826,13.8936367,2.058590521,3.988790579,44994.00934
479,7.87557133,54.71680235,51.34413319,19.57698789,2.401344233,3.257997103,64127.80284
480,5.679559063,47.65273309,42.68918692,18.75870868,2.521020167,3.792162402,80317.64548
481,6.664004781,51.77253007,53.19285833,17.26541894,2.087277237,3.630982067,59039.42099
482,1.583844255,59.23583475,55.77947776,16.51681399,1.822607102,4.155568714,76808.66901
483,7.196854366,52.37349607,36.79763454,18.46485818,2.54239043,3.953249906,78645.48734
484,7.104763342,45.06955636,40.82822397,11.66644708,2.096510094,3.349540204,44741.65508
485,3.675038386,58.57887921,39.48037585,13.14820258,1.661269366,4.015747951,68547.45544
486,7.262965642,53.03913292,40.30203336,12.9022904,1.921734951,3.695859957,50584.53405
487,5.869390408,50.7332692,46.7754263,8.576781552,1.676214319,4.365856228,34744.97078
488,7.897713602,71.11170556,64.40254573,21.30839599,1.981355467,4.291674984,61914.53661
489,8.676189535,69.48074254,70.62887921,18.39066556,1.82856131,4.507603277,41310.15176
490,7.744809424,59.31702859,43.91855332,10.64913761,1.806042665,3.989575481,36680.64804
491,7.335578422,46.52851224,42.02932794,14.76608626,1.583647646,3.82415522,56458.37371
492,7.740679076,48.17744147,41.78673375,14.03973364,1.972293588,4.117139159,53377.23929
493,6.744394067,59.27162938,40.20225644,11.87865349,1.848427137,4.449325727,51153.62817
494,3.723434104,52.14737474,45.31189697,16.85588032,1.994553847,4.213123353,79258.56731
495,6.295824578,56.81764593,46.33549307,15.43008837,1.822397948,3.890430476,60038.26664
496,5.812687647,47.41234075,46.2410982,12.00654058,2.352912287,4.441741515,50654.58178
497,6.820670258,58.06625544,44.4753713,18.70237947,2.247645159,4.440504511,75363.38702
498,4.677593558,50.85580133,35.63471761,15.15301833,2.49966868,3.40631758,74986.35943
499,5.797967416,49.1436846,49.68301162,16.05720717,1.501886263,3.904191201,61383.6858
500,4.494866118,54.6168405,49.45909843,18.59971363,2.178853254,4.085565929,78992.96378
501,5.516218573,52.64809613,43.10131944,14.2074418,1.96314297,4.033947678,62058.57991
502,7.736841794,66.60672726,72.59875359,20.31382477,1.579705731,4.52926825,51249.08969
503,5.974137805,55.80486783,35.04078784,16.99348464,2.215596016,3.714033906,78266.05945
504,5.665618725,49.8347015,42.39777325,14.37625535,1.950725272,3.275056366,60163.88594
505,6.870633475,57.04658477,48.39424255,14.34673157,1.230859266,3.776268378,50132.03165
506,5.885777154,54.02235846,40.27480084,12.19256422,1.832141891,3.875761743,54113.77815
507,5.219969871,63.32385135,58.52414047,14.83904396,1.683016852,3.927336844,50736.97453
508,6.843003978,52.9681932,39.94690511,13.05452824,1.880825461,3.459089905,52487.16676
509,8.191901927,55.13844095,54.7763179,12.24959966,1.749060778,3.855795408,30702.86247
510,6.738357277,55.77959069,38.10154924,13.74575058,1.571042799,3.574260974,57545.37148
511,7.213524027,66.79823184,57.14567116,15.35151872,1.521842254,3.981331001,45557.86937
512,4.293848428,59.13423928,44.70524248,11.09155204,1.774222134,4.227838412,53376.05592
513,5.046593278,49.89272566,31.21283223,12.49509474,2.389879866,4.092045188,68838.69014
514,4.825643251,59.2541844,55.79321569,12.83698709,1.366391738,4.129536675,47117.91417
515,5.736356685,58.32348453,53.75640579,13.17221355,1.743414387,3.542054971,44891.69217
516,5.791514052,57.27282501,43.35371799,11.86329472,2.005313311,4.287341479,51863.49965
517,5.987879485,54.51037071,47.17521022,16.03952338,1.900170898,4.001629291,63573.61542
518,5.283130177,57.28205115,43.85326605,11.44723516,1.913888039,4.493450711,52474.67844
519,6.518835781,53.68690145,46.42596834,15.0653666,1.786936371,4.202431116,58554.5956
520,7.298247474,57.80726491,51.53118126,17.93976553,2.387094803,4.033830429,62319.7945
521,7.485670171,63.3069175,58.95002132,16.89674858,2.009987684,4.302155023,50739.04407
522,6.411743777,62.76061223,48.10350881,9.328706278,1.316533543,4.930202653,35723.92375
523,5.625575643,54.82359614,38.38975051,13.88337821,1.684358811,3.909146421,63908.69227
524,3.354300648,50.98842379,31.06239429,8.580503001,1.801189301,4.148466813,59654.47292
525,7.490367993,54.52748867,46.76269255,12.95495917,1.691427587,4.267276098,45482.45294
526,5.401309819,51.84650197,41.6179627,11.74474666,1.979939712,4.161538683,54257.37239
527,6.196477533,53.35912519,41.65974635,12.87403932,1.779686978,3.76426931,53854.51501
528,5.41588953,52.08238316,51.46473097,18.05838137,2.354382991,4.317084673,71941.37695
529,6.353940131,49.19162378,38.61198656,15.98300084,2.198804384,3.076860157,66966.835
530,5.11763686,58.32538628,38.5330281,15.088175,2.401808044,4.224808572,72770.45371
531,5.838183261,62.09965925,58.27783215,11.72124614,1.185890545,5.028576461,38723.98875
532,4.382543551,55.07912471,54.2962607,18.0887953,2.047792884,4.249621352,73260.31123
533,6.211884292,52.3700127,49.07607299,15.01598271,1.750195724,4.061489436,56673.30881
534,6.429956109,56.1095542,48.59370017,21.46351585,2.506278306,3.946430759,83161.72998
535,4.35446032,47.56003702,30.49004994,9.343083938,1.634362142,4.167643576,58947.03205
536,6.345637752,53.73228826,48.01779379,11.06338788,1.908340285,4.21999187,41511.81655
537,6.806778593,58.12867446,50.5457207,19.20246857,2.17455403,3.428785795,68233.63393
538,4.567090055,56.73032301,42.39896206,9.141081338,1.91679005,4.649736869,47954.62781
539,6.237047142,54.00382567,43.2391338,8.502008483,1.226673899,4.692462282,36772.32253
540,8.308738651,55.91145761,51.30233534,10.76841287,1.746917763,3.760098626,27010.66011
541,6.823962651,48.08589733,34.11283857,11.60297368,2.31333125,3.728711417,53492.82291
542,8.248398951,55.79523667,42.03206376,20.45511892,2.28487875,3.783300165,76534.53294
543,3.106727238,51.16650188,44.45431754,16.51598286,1.867116685,3.874344674,80008.92863
544,5.696951665,52.25290931,45.55396481,18.89296736,1.901384056,3.373656794,75953.08161
545,4.216850768,40.91533295,29.49262869,13.78310164,2.083413258,3.867393941,78279.86947
546,7.219134049,42.02508333,32.57514694,12.99380882,2.360989679,3.52171195,58353.53359
547,5.122200081,46.14911503,25.88182529,15.0549026,2.304113799,3.733489931,82751.06892
548,5.223947834,52.79767523,42.02353051,16.19472008,1.873562452,4.025169067,72381.256
549,5.520579898,59.17409265,47.21451551,17.80800573,2.22179856,3.840089818,72590.73602
550,6.500278327,48.81924529,33.98592527,15.77441585,2.254102576,3.601408059,71680.6819
551,8.268519682,45.56664676,25.65850339,19.11216663,2.700209789,3.634090958,86264.0525
552,7.66094567,51.17865036,45.73986884,13.25781494,1.944158369,4.310154552,47408.08307
553,5.685674252,56.96571463,28.22742631,5.185066934,2.249374864,3.783056471,37489.71984
554,5.973793242,62.00196735,58.22301457,15.45952691,1.65264715,3.881169106,50156.15454
555,6.466595224,56.50833739,46.63027068,15.32183317,1.896585404,4.079707229,59319.52964
556,6.421522052,64.90058349,51.60964354,17.65241553,2.211937708,4.340790996,65635.92779
557,6.483983045,59.74503472,45.18801266,15.00707546,1.770828167,4.081243425,59138.56296
558,8.138215869,63.73768344,56.30225035,18.56342894,1.960955456,4.591375279,58222.00727
559,6.192463119,52.18332364,41.43710262,14.23755335,2.20569061,4.327137468,62117.44884
560,5.696713729,66.06985077,54.25301765,14.80836609,1.792860643,4.433949998,54405.88184
561,8.042293898,62.46892966,64.63365799,17.95738317,1.449887311,3.930143264,45507.10584
562,4.550788187,48.22965716,28.99477507,10.24289995,2.074213001,3.102024873,60016.56109
563,3.765624456,53.96108343,32.15127541,11.18452833,2.113334851,4.610064057,69510.01794
564,4.959106841,68.82665165,59.42136904,19.42996859,2.24368786,4.614276558,72876.08283
565,6.421595507,53.37876045,44.68742596,16.05655913,1.956622465,3.659245885,63000.50036
566,4.72516937,61.27956721,37.62786247,13.23927335,2.396776789,4.102402159,67233.32634
567,6.18116678,48.60163656,28.90652339,15.03072845,2.753559614,3.490524698,74910.11941
568,6.35459999,53.38960337,45.77997075,16.9369099,2.311699728,3.984575374,67405.58274
569,7.300507893,45.59110492,32.41540025,14.69039413,2.311176791,3.472570184,64891.64158
570,4.364415349,46.91162113,25.14012874,11.98695662,2.643076383,4.507544438,77093.32185
571,5.169391767,47.54283384,25.65014071,16.13306481,2.506474684,3.375684933,86186.07383
572,6.538536378,59.94117173,45.56338441,13.14674785,1.816635953,3.848121382,50132.48844
573,6.073128811,50.43329978,46.66927307,16.1156474,1.704098433,3.955475768,63652.48378
574,5.869006703,55.1721062,37.59011865,9.687595224,1.914791162,4.030991933,46993.369
575,8.244827394,53.45502678,43.89143368,19.70917688,2.265815855,4.520693104,74275.66909
576,6.323148556,57.1044721,49.39531102,20.19161692,1.945841372,3.687476664,76111.49289
577,6.833106716,50.05273872,42.4658733,13.09134459,2.017877406,4.045979674,52521.24466
578,6.506947685,52.12956403,42.16178757,11.82807532,2.064005416,4.690013247,51255.41099
579,6.788424138,57.92202095,52.44323445,23.51234664,2.335487468,4.404042475,87836.62621
580,6.725216114,51.36027222,35.30538416,18.02293305,1.959652551,4.154494573,80307.00541
581,6.63411564,63.18095334,62.76597469,17.53904939,1.611095694,4.312387415,53068.52835
582,3.853841835,52.55752023,36.47176929,16.06200638,2.200237085,2.992299555,79715.74216
583,7.240452391,61.71658451,49.96907107,15.27320703,1.814792779,4.038747765,52397.66236
584,6.611943409,59.7864069,52.2990271,13.5119499,1.859443695,4.638610644,47791.3208
585,5.426120245,62.30833498,56.62920764,19.29816141,1.885391241,3.874574391,70048.52303
586,4.90599121,53.32978997,28.3027955,19.6799491,2.956511962,3.571431403,100573.6763
587,8.106528619,59.46960241,53.74775318,14.65405793,1.878781354,4.418873979,43989.11587
588,5.391311086,48.75287892,32.51401332,12.50775337,2.089408665,3.180601745,62728.94449
589,4.770908447,57.73045673,52.13872225,18.84633099,1.881782993,4.169741034,76253.78937
590,7.486866449,47.1692566,37.07421703,11.37684618,1.829687723,3.680460879,46250.95345
591,6.387310894,49.98449674,41.33550413,14.5069989,2.430078143,3.552837067,60081.50475
592,6.848510777,55.67229374,47.72719347,12.45983996,1.502157148,4.166361206,44730.68657
593,5.918966907,56.77138567,47.78390052,16.72539212,1.987324162,4.073541098,66451.76111
594,4.825096,58.84832503,43.61673507,16.2817964,2.501918353,3.797899231,72821.60132
595,8.668564537,53.25280647,48.69360949,8.365798298,1.112888172,4.412347352,19578.46194
596,6.752580548,50.75476358,44.42900808,18.66234185,2.077611706,3.511741115,72204.09305
597,5.863241023,60.85522581,40.62400031,14.64548385,2.239743976,4.082153117,65096.59894
598,7.417543438,48.734786,39.51778551,16.47701746,2.199244701,3.50980238,65083.45332
599,6.1523188,58.07844617,53.31811377,17.16439814,1.620963553,4.475164641,63049.52136
600,3.771796962,53.47685229,45.47487226,12.27554929,1.770924629,4.483285667,60698.99592
601,6.111879146,52.53838558,29.47372146,12.60972322,2.585392423,3.97873817,66167.02707
602,9.272059267,45.49532172,33.59838449,14.90115891,2.587328288,3.604000218,56943.5398
603,6.138209238,50.75150105,42.11437004,16.08861177,2.155812468,3.77152997,67385.33883
604,6.278571509,47.48323279,39.60237482,18.00224357,2.379352125,3.525838792,76444.33305
605,8.853437977,59.74377295,53.64817746,14.7508325,1.643551256,4.274859182,40515.68522
606,6.965894665,48.03064972,39.86953217,13.03510603,2.337513408,4.218421887,55111.83629
607,4.540043495,52.04271591,35.60487936,9.770159833,1.86111271,4.094891265,55085.48695
608,8.650169641,71.43488923,68.6179225,20.06502733,1.438261753,4.853322908,50949.8035
609,5.863641727,57.56101155,50.51733175,15.52683437,1.928551428,3.659146022,57692.68267
610,5.802783507,53.89318122,39.6531624,12.55195837,2.156703799,4.337024701,58481.40303
611,6.576749003,60.21454124,40.93236112,13.77116838,1.525022339,3.870190735,56628.55065
612,10.54510898,52.19049796,51.7608511,14.8730741,1.873335242,3.704957562,33869.64422
613,4.035725915,60.06325812,48.08285157,15.77406812,1.828597911,3.974911055,69798.71036
614,6.435961169,54.69687096,47.41476237,15.83810307,1.779537825,3.529956859,58834.7706
615,4.825520522,43.88314579,38.34870509,13.77691824,1.91381654,3.077815032,64419.15239
616,4.615034111,62.30702913,55.52777654,22.50937745,2.394315594,3.580550556,87341.68975
617,6.722417004,41.1120127,28.79235567,17.57254115,2.26312117,3.857535402,83951.67777
618,9.955588862,66.20200277,66.55790067,17.192319,1.946923811,4.671146775,35408.18783
619,5.13881537,43.30547613,34.86644083,9.165082276,2.079388541,3.588246571,49275.75416
620,5.054732856,60.38655411,48.43820879,13.44308121,1.660522074,4.202067704,56080.10715
621,7.211811556,54.15097196,47.46098381,17.62116386,2.134715165,4.017347527,64882.32805
622,7.586153094,60.71201571,57.0399386,15.50415091,1.277538476,3.418337902,42524.5851
623,7.145966308,NA,41.58060304,13.84607066,2.158790021,4.229797371,55858.39255
624,7.483985155,56.25460646,39.70112524,9.705617926,2.064317542,4.548972613,40097.52046
625,7.206620305,61.43569703,50.67330102,16.3802118,1.809472945,3.905346216,55981.91351
626,6.382861657,55.73872577,51.06560904,10.14315828,1.79004206,4.710928517,36253.49478
627,7.074422325,52.64001578,44.39783576,18.33362542,2.072983712,3.425914401,69180.42963
628,5.164986746,52.66115834,40.50671056,12.07678039,2.365175256,3.20941053,54815.91859
629,6.534189411,44.58920909,38.80034742,15.86624037,2.041242009,3.908926461,68267.14222
630,8.004961407,53.63774899,32.08235778,18.99806622,2.224061379,4.083455469,81873.4757
631,5.687549541,57.23944706,45.5009958,13.78779996,2.145972352,4.237158333,58212.54904
632,5.800296166,51.64149317,30.36647628,13.20254498,2.501594101,4.024439224,69184.90238
633,5.710539653,53.75644163,39.75866315,16.48454464,2.06690904,3.985820388,73675.03047
634,5.974511688,47.78404685,37.18425638,10.63766275,1.81935236,3.79668369,49981.54037
635,7.38624953,51.02724832,38.07360605,15.01245715,2.66101414,4.318739491,63813.20529
636,5.345025487,51.92734809,45.85001246,11.04691412,1.838899662,3.902634781,46614.23107
637,7.205128194,59.40363026,54.89552508,18.98732069,1.739225953,4.151827252,63568.13043
638,3.837573222,51.93614288,41.21183866,17.48522327,2.473806551,4.18511266,85631.82242
639,6.311099613,51.58321616,25.03192107,13.43753487,2.29010649,3.395323445,70551.17555
640,6.269765478,57.68072441,59.54496417,14.8825464,1.489260267,3.657795244,44355.07427
641,7.018236372,54.7492991,43.16078241,12.92996263,2.357056981,4.156057804,51125.93565
642,2.895923944,51.41732861,39.10534441,14.61530183,2.151511143,4.654330951,81088.50443
643,6.275889815,70.28650488,62.52998037,10.65844638,1.052323567,4.625517936,26882.76465
644,4.850012803,54.07781401,39.37046592,13.5554215,2.116737927,4.30436793,66814.68982
645,7.16300774,56.4340011,42.74555236,17.42549973,2.193362669,4.041906619,68829.91009
646,8.358698126,50.6675213,45.41341668,15.27946589,1.969287077,4.347534077,53208.03897
647,7.074201472,52.02420023,31.62126967,15.323732,2.683938136,4.390074512,72738.13101
648,3.256617122,48.03527724,37.41267003,12.00315076,1.835590366,3.882273977,67377.89775
649,6.358760548,61.68822963,46.04900187,11.60265864,1.7308815,3.861900419,44026.52797
650,5.254406044,46.85716479,39.5038772,13.12217192,2.620625594,3.571512277,61254.2525
651,3.89213882,55.15558571,46.21250029,11.23666209,1.469936681,4.32758835,54329.35013
652,6.854080251,57.56371011,44.94383885,16.23445477,1.824101043,4.272714909,63571.4101
653,5.612551877,60.17985905,42.14349075,15.34346156,2.063643766,4.014372697,67205.07511
654,7.192635702,47.7152654,39.91780018,15.82851315,2.406867572,3.322425142,62593.58371
655,4.060668137,56.15619324,49.06448801,15.45233942,1.975412299,4.570285244,69692.548
656,7.41449748,60.02352581,47.32081969,16.9714293,1.813025041,4.179790809,61624.36684
657,5.938001257,62.3381886,46.8682609,20.26896346,1.829533815,3.671513585,80224.34235
658,5.532606183,54.08536517,39.80072499,19.56249046,1.807769379,3.472234323,85024.45278
659,4.07507291,46.51266025,30.22112365,11.79901714,2.095054242,3.67565197,69338.16354
660,5.801792833,56.27397367,42.97473216,12.26714345,1.837919342,3.963756268,52546.42
661,5.838501783,52.85964476,40.84996718,12.75940284,1.456453393,3.251971293,53559.58038
662,6.973264191,51.91431164,38.77876919,13.85964249,2.237838132,4.6709809,60917.80952
663,8.721721201,62.63484831,64.00544325,16.10521559,1.690325137,4.137621748,36523.67434
664,4.363783605,55.90746106,34.77507998,19.60675395,2.571300461,3.764103721,96762.41714
665,5.682072801,52.93700435,46.00181782,14.18289266,1.608603308,3.744302877,57139.30913
666,5.491173832,59.83650935,44.0544132,19.27183103,2.574263492,4.568458448,84600.13269
667,7.876744909,61.02891424,54.91871099,19.01895156,2.059064363,3.949440037,60433.7563
668,8.123272581,57.4176072,51.63821424,11.7857211,1.639974205,3.950634791,32211.73822
669,5.53405022,60.82556553,50.27695396,13.92382501,1.876584593,4.360545774,55062.2423
670,6.307255877,44.62133443,44.91397878,18.20405068,1.910380545,3.35082096,71084.72544
671,7.359721461,50.2718052,39.87018706,19.41642483,1.916911981,3.577175277,77023.17734
672,6.152587434,53.68644833,49.44934812,17.15674815,1.611320994,3.891341897,64649.85932
673,6.92504902,60.19234054,57.3484613,16.93783556,2.053578242,4.6589753,56118.07844
674,9.391877639,55.79008771,47.5516755,21.55404203,2.034141485,3.771240265,70668.25467
675,5.508280692,50.32758535,36.18411902,6.454068672,2.146390673,4.322605498,37833.57426
676,6.629949276,54.12632323,38.5501001,17.24662367,2.275905107,3.722596328,73317.52391
677,7.138469628,60.00447363,46.31104118,19.45424545,2.408182382,4.750909553,76609.81746
678,6.959028524,44.29456884,46.57159944,17.9094883,2.483512552,3.123044512,65368.75512
679,5.210491732,52.30063202,36.73684903,15.79348123,2.304976699,3.362937463,73929.78828
680,8.136116019,53.74309857,41.96031701,18.08478419,2.621360829,3.568998955,66964.86884
681,2.617636491,50.4390076,31.86921439,10.67381714,2.158358318,4.409358261,71985.83257
682,3.608487066,55.45541145,52.45018696,9.335209192,1.214958999,4.344052679,41647.94699
683,11.02666741,57.33024211,41.89317808,15.90693867,1.986418891,4.393170043,47752.8169
684,8.720486106,62.09745917,51.2177547,11.49769268,1.614450268,4.664706121,31249.42769
685,7.294720244,52.47054658,43.10539127,11.06012832,1.499022564,3.173391519,37971.65884
686,3.058557997,54.40000447,45.55931583,8.575159916,1.458511591,4.471465477,48043.14013
687,7.846191013,49.92938425,35.55910518,14.4355832,2.142547682,3.541028641,58571.28397
688,4.565357211,47.99206939,30.19336623,8.932709284,2.03171283,4.510250943,58243.01861
689,6.532924938,49.52066503,40.03750399,16.29016173,1.937508775,3.264082264,66484.72357
690,8.04843015,52.65672647,46.91705042,18.06284863,1.900481361,3.743956937,62430.06805
691,6.656350321,57.17747627,53.15543075,16.46859489,1.678877025,4.34840121,57803.9899
692,6.25197662,52.30070926,53.46440234,20.38676431,1.82887924,3.559318919,72880.89783
693,4.914055472,52.36335279,30.17660628,16.32926938,2.701135142,3.427804316,84209.91328
694,9.238193369,50.65119604,39.72448873,13.00820822,2.05552286,3.640976795,43055.76833
695,6.782826718,56.39605378,48.80824437,14.78629775,1.779866931,4.371613336,54594.89654
696,6.316275124,49.20759836,36.9106485,14.24430955,2.426691536,3.407670214,62947.62097
697,8.0239981,55.04565736,55.34788878,22.44300037,2.212783238,3.682839483,72807.10412
698,6.626807476,57.13394341,48.34099354,17.01128601,2.036705752,3.745694408,62989.72572
699,5.862088024,55.76645561,43.18278931,12.75730135,1.846205634,4.658103467,56519.27678
700,5.360746,59.00919207,54.5979239,18.51535604,1.490855481,4.232838676,69831.97214
701,7.111275444,56.54488171,51.00529862,13.78942081,1.750655376,3.941212969,45503.20164
702,9.064277178,54.10971311,51.5545445,17.43865188,2.084735692,3.00628813,48803.0704
703,6.61285236,43.42822704,35.565619,16.04856585,2.178730577,3.384112074,70059.63664
704,6.804577178,44.5453138,37.78035163,12.88856968,1.835382742,3.583960909,54444.20958
705,8.601655138,52.69914449,49.17397105,9.643084954,1.468055097,3.91164587,23348.86018
706,4.280245683,51.50468279,37.40566883,15.34314723,1.736598345,4.158460106,77566.30486
707,5.254206718,58.49248314,51.52124368,19.84259565,2.11150016,4.415116469,79953.95653
708,5.487066732,62.29921434,49.41485524,10.78176407,1.408794474,3.944467996,41162.50686
709,6.0354652,58.41850893,43.66712547,17.23063208,2.354403251,3.609072258,70676.14308
710,4.438068492,48.93729023,29.44261479,13.94773982,2.819434662,3.980836093,79191.96055
711,4.868286182,45.33376097,29.07529902,12.52111892,2.122564839,3.535506152,69536.10165
712,4.539927216,64.77014249,44.7054235,8.736772515,1.669515568,4.333703882,42820.30593
713,8.048429944,62.09913132,54.33734581,12.71871366,1.369472056,4.384843195,35012.84643
714,5.250006823,45.72389773,28.06456774,17.64321234,2.199934292,3.892471141,91261.44747
715,3.881377828,52.98199046,34.98054033,9.937533219,1.908149894,4.405282956,60302.52801
716,3.990647067,42.8091227,20.01282734,14.21782197,3.076500695,3.220359416,88762.81087
717,7.834227057,59.07159962,54.21070288,7.661324787,1.409474034,3.530369664,12334.5687
718,6.400753238,39.60080943,25.4208882,7.923522802,2.093109139,3.321432227,46705.65405
719,6.485742714,61.35262369,45.4514346,8.757354436,1.73627595,4.16316874,33363.25186
720,6.248498258,45.82655575,33.96331633,14.00405713,2.07682135,3.702410348,65665.25214
721,5.773942097,58.13933731,41.33589999,15.12841486,1.813308358,3.838525162,65516.27782
722,6.394104818,59.69085561,58.26865615,19.96956125,2.202303413,3.302899919,65522.69149
723,2.87080111,59.4946459,41.44458804,15.86111688,2.193232669,4.311102936,82938.37925
724,7.031542783,48.56730245,36.71853176,20.7022304,2.560119227,3.27313999,86354.42062
725,5.620994339,60.25010972,59.23151333,17.60054752,1.990813556,3.369890317,58173.62172
726,8.774214324,46.76095292,36.68708805,13.09099397,2.285234669,3.223846003,47078.5773
727,6.949705267,52.48884891,50.54733569,15.32982795,1.890580209,3.727148027,52421.84558
728,7.150004346,60.22573196,56.56656069,14.32736562,1.579279881,3.942739113,42135.54828
729,6.869397812,39.53363769,35.89020051,17.29734704,2.309692109,3.315290435,73738.02694
730,3.926852135,49.77564507,35.0952978,13.0364668,1.829353242,4.10828662,71684.51139
731,6.718773593,51.2839278,47.5722152,16.32452553,1.551471914,3.566771737,59380.40338
732,4.320455812,56.82164152,62.90082165,16.16544084,1.32168852,4.569916509,57838.95868
733,6.624308496,44.06471489,31.68108642,12.35983002,1.937925927,3.82685631,59702.29345
734,7.946277479,53.72898624,54.154838,14.77499976,1.472980615,4.354382474,44171.73222
735,6.769977437,53.27765886,42.76083808,9.673146455,1.858591926,3.534131746,36465.49286
736,4.587177079,57.10764781,48.00578434,9.442528422,1.626749107,4.049683569,41471.98274
737,8.38457245,65.35056978,54.71216414,14.14661581,2.238645838,4.330343139,39845.15398
738,6.364047735,65.20300205,52.93963613,12.57591022,1.742784601,4.455404781,43595.82706
739,8.897296133,69.51355936,64.04559231,19.31770657,1.733557201,4.879526375,51519.33799
740,6.040611605,43.76289962,28.02342997,14.06496193,2.174781102,3.244559673,70914.50189
741,7.194604566,51.70917317,35.11115593,18.18705748,2.155254272,3.819607927,78207.30242
742,6.083764496,56.2766506,37.5548349,10.01454648,2.233061497,4.524991719,49495.77318
743,6.515198163,57.951778,49.0627579,14.49914256,1.838692814,4.498769434,54813.4254
744,6.94163842,58.52702132,54.76458082,12.454405,1.91203099,NA,37632.11707
745,5.197842523,49.6468729,29.99190434,9.472688478,2.09581243,3.609410493,54892.13084
746,9.446436185,58.72435292,54.78052201,13.65585974,1.348895102,3.862907147,30660.85302
747,3.31518036,52.03734835,37.23808532,9.130729093,1.890129689,4.207309407,56602.02327
748,5.694739447,49.07122348,41.21064449,12.92936066,1.440926574,2.980572639,53617.52148
749,7.502681752,64.25702142,59.0694585,20.42741176,1.766935591,4.005733761,63805.62794
750,6.135914912,60.46384695,45.59824241,14.5456479,1.676175903,3.59399436,56558.45326
751,4.805230722,50.61670248,43.16209983,16.21987548,1.719136551,4.256899382,73863.89012
752,5.990558288,54.22622524,46.79361793,13.14224046,1.673764556,4.699545751,54139.5923
753,7.382535433,65.52442212,62.07652352,15.79499545,1.306245836,4.200980594,42574.4945
754,4.802876908,55.03417646,36.75973538,13.75635875,2.159460534,4.12815842,69720.50596
755,8.235063792,40.46498164,42.01092726,12.42631807,1.677398345,3.576182605,42268.39529
756,7.087228474,50.86094262,41.65605562,14.46869309,2.203880508,3.793360125,57190.76593
757,6.487590164,64.77913971,55.75325806,11.74293691,1.82261906,4.763735976,38153.70555
758,7.987457982,55.61913762,48.85309813,19.94067094,2.359303087,3.398025401,67906.5097
759,4.796000974,67.78407747,45.08628712,15.27484322,1.821761109,4.129052757,67742.83996
760,3.628745891,53.11341862,42.67439168,12.56391716,1.841794242,3.985494044,63487.62146
761,6.118487637,54.80909484,39.32083057,15.48489996,2.186895419,4.105048733,68748.2991
762,6.883751443,60.91816852,55.14985842,14.81351186,1.819882161,4.34932795,48269.13436
763,5.968784357,57.38559974,40.80024555,11.37982529,1.443713958,3.976134143,49807.86812
764,8.257335179,59.40659559,51.55074287,19.23284822,1.950367326,4.680326715,65245.734
765,5.925106375,51.7201028,49.17906445,16.13378645,2.345724231,3.718299045,61892.3874
766,5.550732055,54.32346803,29.75673726,8.958623406,2.126414917,3.841303887,52273.9236
767,5.837369611,55.28230644,55.67100545,18.59128347,2.137349291,3.18748955,64231.66429
768,7.737219455,52.37705269,44.98277333,12.15196904,1.638647927,4.42211685,43272.32376
769,5.754713544,55.4648389,51.67555871,14.08824173,1.854859443,3.814083417,51618.40596
770,3.777592966,51.925342,36.83725669,14.1983162,2.523715034,4.235267177,76667.62246
771,6.757099673,67.4459032,61.20524902,18.28626153,2.059622108,4.547435143,58349.86868
772,8.5800065,59.02079426,49.9180432,13.92227701,1.835924661,4.979470013,44413.58544
773,5.677675851,66.07244539,52.51363374,21.46865203,2.54614139,3.95653331,82743.57885
774,7.662054352,48.25834381,39.74657083,13.52110668,2.051171554,3.756061565,52328.78403
775,7.995189449,63.56133118,52.00460142,18.13926465,1.989269436,4.324553552,60223.57153
776,7.552337466,56.93220859,53.60223125,12.03693472,1.401600143,4.245333848,34618.0587
777,4.520437942,54.07671142,39.62805245,11.30569696,1.827913866,3.647969903,56138.05728
778,7.36453851,57.69762147,44.03017887,18.61256241,2.686456311,3.911242221,71735.77356
779,4.500406186,46.45508338,36.70158678,16.17990963,2.188598724,3.519177191,79062.16213
780,6.637591272,55.49915512,49.98889726,17.61503158,2.223602875,3.683397552,63893.02343
781,7.32771807,52.3025728,39.57226421,16.37180355,1.643295851,4.424664902,67497.71243
782,5.427725832,55.37917728,40.71284138,14.79443546,2.038295541,3.826925535,66440.01238
783,5.328413222,63.19422164,56.67977485,15.11305964,1.994061981,4.077970349,53989.32355
784,2.985377465,60.30225719,41.13286605,16.38336127,2.299468287,4.196635315,84605.89861
785,6.740040232,46.97185615,39.62542324,17.66757666,2.400005386,3.68251584,73628.80326
786,6.054125107,52.37290381,29.21480059,10.65663201,2.015812516,3.99141771,58027.42781
787,7.033985073,58.11606004,44.23411223,16.19294301,2.336388883,3.98728253,62867.58782
788,8.047743487,53.59195042,47.0874643,13.40675781,1.564197291,4.277402214,44548.75272
789,4.236602954,47.27564862,34.07244506,10.71812325,2.061002315,3.569098996,60174.96255
790,5.139577475,64.32003594,44.22134236,9.129985604,1.560111311,4.776957881,43729.49973
791,8.805880622,62.52844412,56.9581242,14.17450309,2.024134639,4.2577972,35585.01112
792,7.107512222,58.51065102,40.57284408,13.75342399,1.850838343,4.374095065,56721.92128
793,5.785016531,47.76650799,33.62543087,11.58332601,2.247686945,4.090513738,59507.54053
794,3.790811375,49.27453846,32.35406199,16.44669778,2.02603288,3.875730214,88305.5112
795,10.15372886,55.29689359,50.63057743,14.10326026,1.904861318,4.101927719,34814.47895
796,8.254996139,65.2603571,54.72472638,18.16083394,2.011071169,4.182840436,56172.61814
797,8.725710576,48.1603632,50.00944022,15.90109603,1.803387115,3.50969586,46840.98717
798,5.313776624,61.29954643,43.01927085,15.79961214,1.531871076,3.810090355,68249.50896
799,6.978822049,54.6827112,55.20444257,17.93705923,1.930580218,3.685378625,58563.84178
800,6.916273161,58.17755275,50.93558943,18.50217083,2.120542838,4.31804812,67518.48829
801,7.865509785,61.23159451,56.72961501,16.78662587,1.76678274,4.311489755,50513.22638
802,4.996196782,47.98101856,21.09546018,17.40014506,2.920047578,3.153159906,96098.64596
803,4.745725092,48.63126399,38.95765373,12.3965239,2.150227318,3.374117822,59747.4038
804,6.455761011,54.6081134,43.42356355,12.46609738,1.767077753,3.376958294,48050.09931
805,6.279944038,46.87404747,34.6459261,16.63758652,1.980831462,3.685892705,75572.0342
806,6.374751662,62.59347317,55.47854245,15.59696861,2.106131905,4.256096847,53356.13339
807,8.349099534,52.92857097,51.01920966,11.79432764,1.95835737,3.633583352,31150.32583
808,9.265481611,56.85228478,48.36340707,13.51251125,1.6368138,4.001552674,37663.31124
809,6.273903814,45.70419725,31.63751975,14.14519849,2.161230541,3.461633545,67578.42938
810,5.070132676,54.61940041,45.42474108,7.038249677,1.342714733,4.015829711,31497.00547
811,6.561958822,61.96233033,56.27298885,19.5699708,1.791257221,3.944903758,66765.42425
812,5.426851166,46.09450552,27.03084046,7.900540645,2.22598992,4.072674,51970.60995
813,7.456174452,58.36356978,42.53839677,13.61466602,2.136927094,3.746940113,50967.30716
814,6.756898699,48.15493864,36.73495821,15.91840648,1.994701897,4.228478991,70480.39217
815,8.081264612,58.98922752,55.42258733,13.8787213,1.868762797,4.010293931,37919.56934
816,6.44760094,53.45412961,36.16872655,9.849667613,1.775384902,3.950469566,46089.38589
817,5.909408818,52.59417366,30.00403933,8.713168123,1.963974395,4.463205586,51469.52617
818,5.455438722,57.51695431,41.53305431,15.72694352,2.105042871,3.605981995,68690.49134
819,5.055374735,55.2726979,37.94016398,13.53850917,2.180657894,4.158898204,66761.00672
820,6.657755435,46.81440605,35.09207061,16.549355,2.250118615,3.882752774,74143.88709
821,6.60966212,50.19395441,42.5631938,18.12377672,2.34704378,3.742986655,73443.25441
822,6.687749424,54.31777566,40.11645862,16.43674449,2.386679914,3.199430204,66583.01435
823,4.816203166,50.90158904,25.59157049,10.86236708,2.541674196,3.511139988,66517.95778
824,6.519934411,53.28158696,54.6482101,15.83186683,1.681158792,4.580966569,55204.5221
825,5.610447461,56.27632817,44.25224271,17.0045297,2.079826833,4.505160333,73826.11113
826,4.837325994,50.08772361,38.04816007,17.07750944,1.982524414,4.053900378,81640.79694
827,6.027724451,67.91745789,56.1200264,19.73387947,1.982415395,4.555265718,72145.05604
828,4.731211946,55.82799977,50.1171885,15.41849356,1.657745666,4.311246442,64447.95512
829,7.822160612,52.20862014,50.78118019,13.89609921,1.940460644,4.028828793,43645.33124
830,7.100278158,54.25282201,36.79240726,20.84359689,2.688348825,4.00724174,89198.72124
831,6.526794803,37.02753283,35.69709671,19.31868456,2.777192539,2.756058574,82326.30818
832,6.651399814,66.47388288,52.32960261,15.79254189,1.809004266,4.643197721,56897.23531
833,6.662531606,59.18257943,53.35096223,16.42920113,1.634327156,4.38943972,57508.42462
834,8.961769319,42.59902485,34.89149478,18.20914874,2.316709578,3.233435343,69144.71667
835,3.473945593,57.97338227,36.00994616,14.05795067,2.081032497,3.873352926,76384.05037
836,8.145236294,63.81253973,63.12232163,18.89077738,1.361019044,4.415361849,51889.7026
837,5.718024162,50.28012913,34.77770612,9.626105729,1.873808808,4.057083121,50104.79178
838,7.530050425,52.44912279,43.88843805,13.65248937,1.952803472,4.805478847,53036.18089
839,8.585672237,50.95203303,36.52697532,12.13212518,1.966149057,4.02485554,46463.34974
840,5.875603534,42.9881053,42.85357406,11.20998508,1.391011855,3.567985903,46237.0807
841,5.671372998,51.63451461,41.18916343,13.34838296,1.401811118,4.377097485,60215.11358
842,5.012567258,53.47603626,46.86194588,18.27384472,2.129331563,3.971305923,77418.34169
843,6.455564158,56.494089,45.534548,12.83168581,2.176649953,4.075676209,50426.06186
844,5.500002195,50.43859087,45.93753889,20.31640536,2.173120625,3.921548993,84507.82101
845,5.383909129,66.65945581,55.35790276,20.97640089,1.93383063,4.08442367,79076.81636
846,5.663525818,49.33540533,44.45241671,14.62071755,2.274473343,3.898683989,61767.42966
847,7.028212899,48.5524714,27.20101464,14.6383268,2.414081663,3.575055331,71169.65713
848,6.820930552,52.93061973,41.411252,13.53216567,1.655096153,4.238050652,55616.63981
849,6.781235432,59.18936835,58.2090814,21.36332045,1.822616985,3.828816035,71057.94768
850,3.69183533,61.63771279,35.32948328,19.21804664,2.474786195,4.625628038,100345.2364
851,6.471139416,46.09689549,50.36617698,15.39990762,1.592656441,3.39969647,53530.02177
852,2.379818411,48.97120598,31.13580612,12.35793355,2.509125959,3.793062071,78906.65295
853,7.492531995,60.91501309,59.35898676,20.69390882,2.273528958,4.296989718,66264.98499
854,7.761105699,52.94997366,45.81028756,15.05823708,1.862299605,3.902698791,52821.90155
855,7.230054779,53.23971001,48.34326448,9.336049699,1.382498813,3.466019716,27117.0912
856,8.61876686,57.70127029,66.36895358,20.60972191,1.616442101,3.385827152,50681.72606
857,7.39089668,50.07230024,43.37481408,13.27828743,2.122151731,4.046255255,50160.8957
858,2.895182523,46.64062706,27.88846151,8.321403441,1.65299896,3.885586916,62494.77933
859,3.595106471,50.41804262,40.83372962,12.58390012,2.45013812,4.1250019,66609.51188
860,5.437566278,51.45381911,36.070138,10.73649093,2.130547202,3.38613825,52635.42266
861,4.979729792,59.59035558,46.51669861,12.72033489,1.980182487,4.008813008,54914.61354
862,6.33604744,47.17947392,46.26369807,13.26864429,2.041611713,4.587454987,53747.8403
863,4.453992327,49.30650248,31.92721113,11.37417708,2.153707659,4.695536133,67921.34009
864,6.246262209,64.29752024,47.79768825,18.55619755,2.378242472,3.822146746,72080.55148
865,6.888343691,48.42071795,37.33256544,14.16358568,1.920527008,3.645912605,60033.56819
866,3.207634336,47.05119084,31.93594159,11.64156389,1.807339967,4.51445756,73380.28146
867,4.802032603,48.59146604,37.03237148,9.972671685,1.83070509,4.187491125,53772.21145
868,6.690280288,46.07199098,39.03181786,13.37024057,1.794715836,3.195248762,54351.54113
869,7.30377759,58.97974454,52.21468623,18.97500108,2.155314145,4.034089614,65658.42269
870,5.119664121,47.56158221,40.5034465,13.61126146,2.069545449,3.586364032,62351.56839
871,6.128322388,55.04488158,57.81580631,17.1382311,1.446283925,3.933010163,56798.31102
872,6.12067699,56.02947617,50.52826471,17.25677155,2.076005947,4.635596871,67247.6662
873,5.667620805,62.19986941,58.64071969,11.82776669,1.75296657,4.221710868,37397.84986
874,7.297203865,49.47522075,39.60176763,13.61684953,1.79244654,3.296648561,52547.42858
875,7.702101006,55.10382147,55.91567659,14.37735196,1.991978298,3.88849085,40888.11609
876,5.040272065,45.92039031,38.97112508,6.600813667,1.612057772,3.533712715,34567.37688
877,3.768828821,47.76993458,33.97022062,14.2403972,2.07211234,3.781010512,77532.28691
878,4.907741644,41.00119668,27.59130762,10.60492488,2.901678417,3.590019945,63940.18411
879,3.832449491,45.13326625,38.34706085,12.27781664,2.123578124,3.52955432,64286.58524
880,5.853613211,42.63661962,37.06245198,12.33093304,1.931931683,4.076167956,58720.82492
881,7.342124561,64.31826902,65.84473581,17.75454497,1.571968704,4.713089758,49363.38028
882,8.472171358,55.54616318,44.61040066,15.90283029,2.288996057,3.667918987,54010.90733
883,4.871770358,57.98956922,50.70825627,19.90202686,2.14143473,4.322184532,82318.84846
884,5.510646599,48.50039953,27.23093154,11.84449634,2.01215113,4.700142321,69583.24817
885,7.729092733,48.49022117,42.14808357,14.90598199,1.934775661,3.449817094,54314.02862
886,5.602937495,43.75814291,35.70805593,16.16757797,2.057001317,3.999692505,76739.41282
887,5.094664359,41.43451496,27.96403747,15.30044281,2.318282396,4.302176974,83946.16192
888,4.027315703,58.44207953,38.91331945,14.64447454,2.360764496,4.209513404,75169.97613
889,4.206968486,53.61012406,30.40837537,6.620967513,1.702384629,4.416284932,49323.53787
890,5.566099501,54.22458932,44.44269238,15.81182418,1.85625639,4.130703641,67403.14759
891,7.913830629,54.24982687,53.66856243,19.54889402,2.239204457,3.712685257,63064.86975
892,6.115330782,56.1353553,50.66156735,14.04395139,2.02562019,3.812688198,51013.99027
893,7.679258729,51.54767942,59.08171181,18.14973309,1.921514664,3.960090324,53765.33301
894,8.216348668,67.71000509,64.2431337,21.22794313,2.065649542,4.45784193,61056.72641
895,4.70142069,46.57269252,42.05300788,10.3494504,1.870922626,3.919628396,50194.97235
896,8.293507818,40.40440767,26.46894469,12.78412919,2.560402481,4.016026113,60527.01063
897,6.270720347,57.97821074,43.82420837,13.17781899,1.937134667,4.346725674,54905.72125
898,4.436658687,67.23570359,52.55788497,18.8498429,2.166515345,4.788574006,79681.83803
899,8.715739509,56.67759959,54.18829271,13.2228455,1.605040568,4.325898476,34463.48738
900,5.355508492,47.98883246,36.4360097,17.35675725,2.565368264,3.25207295,79969.34472
901,11.37760913,60.13015085,61.92569981,18.21220236,1.959214734,4.14633432,36092.16693
902,4.901643351,53.73846673,44.18035425,18.13821058,2.293607519,4.003126318,80134.08107
903,7.448456102,53.52681759,46.14647513,14.17390189,2.024160093,3.754497507,49868.67073
904,7.935737891,68.27466181,60.10279408,20.16373644,1.780717835,4.053208087,60038.68454
905,5.178865996,46.23686086,39.258031,16.48991758,2.551313116,3.663635143,75932.18555
906,4.780109214,56.58091491,53.07907453,15.45161808,2.041067174,4.094578474,61271.3685
907,4.514655927,42.6218352,21.91363264,6.072623332,1.726790372,3.799046878,51680.52768
908,7.143363701,49.52894555,40.92754552,10.92925334,1.768110486,3.771376342,42502.02345
909,3.96216041,55.98462516,46.67191702,11.7933129,1.870442079,4.718575647,57674.4895
910,5.170838868,54.8701607,39.17021131,16.37152965,2.539987347,4.270557715,77571.40441
911,6.823219325,51.23210803,48.02546373,14.85490909,1.992085719,3.461220421,52573.55866
912,6.111168382,56.91475879,49.07735936,21.26982963,2.361046677,3.990713745,83266.34402
913,8.599084062,47.81463158,40.95109305,15.49535952,1.981263809,3.145245512,53133.24356
914,7.070000713,69.57660589,74.97540011,19.33632332,1.389842808,4.411976605,47223.4616
915,6.675972581,47.65815837,34.83446994,12.69210838,2.170992207,3.803215246,58044.45707
916,7.194991169,43.97740561,40.46252106,13.25533092,2.528788663,3.96511564,53850.33239
917,6.752945317,60.51503026,52.38572794,15.11763166,1.84470006,4.35505335,52721.42295
918,5.276080661,53.70109213,41.53539526,12.14653077,1.738270281,4.209827461,56413.56658
919,5.142409729,50.25938164,31.10315138,12.78444974,2.535042743,4.397355305,70931.51048
920,8.143714933,62.18664229,54.79307695,22.34378584,2.080862733,3.489025679,71532.66563
921,6.753901556,56.69060452,56.25746132,17.38061195,2.076011584,3.943306884,57284.47189
922,6.852219412,47.28475348,46.21346697,14.61497619,1.904369106,3.375020369,52794.24718
923,8.626725883,69.83093184,69.64069645,16.20896816,1.980771593,4.347514259,33070.4327
924,6.892527812,45.32068821,35.96553849,12.18964064,1.977197798,3.223798315,51793.35793
925,6.41364935,51.43606783,39.36085446,14.33587591,2.508323434,3.795675797,62023.01443
926,7.712332054,58.87474562,53.95520086,17.23404775,1.654832182,4.340283758,55606.35556
927,5.990934147,48.33943307,42.17919787,14.14854141,1.843066484,4.012493009,60468.61296
928,3.697726952,66.0757899,60.06015428,16.7056991,1.888038991,4.96570617,67311.8455
929,4.517610326,45.56590388,27.61689265,12.36392724,2.295991368,3.680450242,72448.13442
930,7.393229559,53.59097758,30.7225728,13.51423289,2.119695092,4.027971727,62870.82899
931,7.441910846,68.45588649,53.71415835,17.47542073,1.851380828,4.644665126,59176.63494
932,4.24691979,66.05783652,46.48965498,17.72878142,1.56300691,3.845758165,77651.65271
933,8.511169858,69.36394862,55.34149513,17.95150649,2.099391806,4.561886282,55003.54306
934,6.834655013,49.76318989,46.30148091,12.05634531,1.37507125,4.102843572,44150.52543
935,7.149182609,60.45774788,49.96915027,12.61766938,1.82634312,4.327825959,42866.48265
936,8.166783813,61.80447024,63.96461775,18.62726207,1.7473779,4.495721662,50641.49712
937,8.490398471,45.59750506,36.08906837,10.40633349,1.883048471,3.777386694,39269.50443
938,9.761321574,64.56840971,60.94543532,19.83471484,2.062329938,4.007953312,50237.70565
939,5.041870728,58.25318808,42.89734855,18.27050243,1.822290422,3.881564692,80303.5589
940,5.51362515,58.86809635,35.76807085,12.45832096,2.233757636,4.729862802,64372.69112
941,6.993555355,63.59918123,53.11137429,12.90247406,2.001704661,4.879770389,43838.01395
942,5.363738815,48.01259822,25.79307526,16.03257016,2.256845564,3.316905562,84322.30028
943,6.154264305,52.63601315,45.33518666,13.71316263,1.988717434,4.238636143,55924.7263
944,7.320122236,63.49488979,48.54763012,15.98585986,1.996690226,4.690499945,58755.17246
945,6.710366885,50.74479082,42.76419012,13.92261278,2.034432492,3.529061585,54425.22627
946,5.739881044,59.53955897,51.29970378,16.52475421,1.634431184,3.600095997,61060.71865
947,6.720944185,61.33175638,49.91455733,18.19931568,2.40476135,4.588584971,69285.2224
948,5.51351741,38.10232576,34.02766652,11.34344151,2.277259401,3.854007046,58603.51802
949,5.67526719,53.1804545,44.51776869,13.01387347,2.088784216,4.205806378,55858.05926
950,6.138861717,53.0787448,40.05254159,19.899789,2.349108322,4.279198776,86960.8302
951,5.40055538,50.93438393,36.23834551,16.75403931,1.903425481,3.554891081,77768.77246
952,5.028937269,50.88733556,37.82360082,14.80593049,1.900914812,3.899495349,71039.21711
953,6.893279565,57.23416436,54.27484797,19.24685037,1.871706034,3.642938026,64966.78533
954,7.252366836,47.31749757,35.01182552,14.01828294,1.770550942,3.462245591,59254.12663
955,9.051817299,64.90181161,70.96970295,18.90905029,1.418883404,4.298933295,40380.42396
956,3.398505698,58.85534837,44.23111438,11.0047953,1.640668628,4.604971355,58462.83678
957,6.276821393,48.67976673,43.68335174,15.63941374,1.907086623,3.986510927,63954.50047
958,5.73400855,48.64733488,38.27610366,17.45800178,2.390078193,3.73938558,78520.37991
959,7.311491636,45.93651849,32.1848757,9.594912681,2.266949593,4.113702513,46222.40421
960,4.811517021,69.11155474,57.62744216,20.13614224,1.936354746,4.490880324,77332.78501
961,4.561088343,45.88078248,37.81752512,14.47563928,1.991788797,3.533880617,70573.08735
962,7.491652993,68.04426596,60.55107442,15.67862097,1.167924685,5.244808814,46479.86083
963,6.985871118,49.55358516,41.62471133,12.52868506,1.79022829,3.7892094,49202.16854
964,7.024708964,57.8139419,49.86279373,15.16416626,2.534704383,3.951207887,53496.54499
965,6.975114286,45.22008472,38.71010701,11.84349856,1.887695603,3.736568576,49113.52538
966,8.31004593,60.53621539,45.12904083,16.76582538,1.946992058,4.188756731,59156.67672
967,5.397317315,41.16328795,29.03398522,8.372894953,2.369568306,4.453169874,53678.37227
968,3.742495421,48.85063497,31.88346302,8.691543559,1.878487069,3.469784258,55439.06271
969,6.52752481,51.18317194,47.31317085,11.81734062,1.788219492,4.140217963,44110.12497
970,7.186203761,51.93814947,47.99089641,14.8904091,1.54469023,3.611617647,51213.50089
971,7.098795983,59.53844178,50.34663022,16.04318413,1.984757251,3.628391868,54615.46477
972,7.32002605,62.16174497,50.46769135,20.13680691,1.990750775,4.229238264,72477.05326
973,5.952824181,52.98579266,49.10593506,14.02471573,1.947014963,4.365945237,54934.59941
974,5.76594677,58.61186547,57.9902378,22.12445784,2.478528568,3.864310108,79608.62298
975,6.076812407,58.85194385,57.12602588,16.28009045,1.816079991,4.689213067,57112.41918
976,5.650234087,55.4749848,51.96277602,15.44962929,1.368040821,3.972856459,57419.33008
977,6.24452203,53.9370098,48.14930045,12.95209512,2.098328645,4.165115818,49623.97743
978,5.718619358,56.20258156,43.73574551,7.861063007,1.541023843,4.116706413,34236.5848
979,5.604766195,60.09271205,44.96599534,16.95010503,2.600087564,4.629177802,73927.85938
980,7.855676832,66.84174636,73.12263633,17.24789845,1.685027919,3.585880309,34476.89198
981,2.925343009,54.81995156,33.56972816,8.686515766,2.244725752,3.447332232,57627.39809
982,7.995501764,57.89230277,49.80231068,13.87379899,1.483232555,4.128219217,43518.7243
983,7.142247338,57.99479248,46.25079012,17.66909007,2.034110961,3.277901631,63820.54384
984,6.492001008,58.65315703,42.8385689,13.49177473,2.188697382,4.269051193,56175.34374
985,5.432468291,37.06716867,30.28861036,10.66818391,1.852499288,3.718267511,58741.40046
986,7.542965719,56.21336248,56.539457,19.64351273,1.60417364,3.541827514,61056.63327
987,8.291798753,59.31914245,55.43752586,20.05519512,1.851867313,3.804341961,61721.02941
988,7.906754931,57.87099954,47.63913452,16.36709292,2.587402948,4.135242042,57438.37976
989,4.580844739,43.21785202,19.80400524,7.838444549,2.110095576,2.955980314,58157.96261
990,9.236944602,71.33239717,62.45380083,14.00745627,1.528837421,4.792729177,29129.77706
991,4.485364719,57.99996186,48.57785084,17.27838668,2.133478686,4.204785472,74747.73212
992,6.796219585,56.76601807,40.54868194,17.00750626,2.446679253,4.741737627,73427.61929
993,6.870823631,49.13961378,34.93121776,13.16021936,2.018622481,3.805081905,58872.76119
994,4.703708287,39.99724423,20.59038119,7.418206496,2.483616817,3.235196322,56562.29236
995,8.584058219,54.60554949,60.2684183,19.14052554,1.907229172,3.755846812,52107.09009
996,7.87984994,55.22128789,35.34800036,13.66095564,2.198344677,3.906265713,56710.34699
997,6.164395052,56.99909207,32.12730357,15.4934559,2.822548558,3.996167305,75625.97996
998,5.98362193,47.78131992,40.17580301,15.01916615,1.954854129,4.199006783,66733.09199
999,5.609147901,64.51629096,56.23162195,10.84804262,1.431616647,4.040071574,34868.12223
1000,8.507893973,56.94894306,53.95755088,14.52913914,1.811973893,3.7043475,39037.81707