citystate,absenteeism,pollution,binge,breastcancer,cardiodeaths,childpoverty,colodeaths,dentalcare,diabetes,frequentmental,frequentphysical,bloodpressure,highschool,housingcosts,housinglead,inequality,leadriskindex,lifeexpectancy,limitedhealthyfoods,birthweight,segregation,obesity,overdose,parks,inactivity,prematuredeaths,prenatal,preventive,diversity,smoking,teenbirths,thirdgrade,unemployment,uninsured,violentcrime,walkability
Hoover AL,10.4,12,17.8,14.9,105.5,8,6.2,74.5,8.3,10.4,9.9,30.7,93.6,24.6,5.4,19.2,1,80.1,81.4,9.2,12.4,29.2,14,9.4,20.4,4000,73.6,42.5,56.3,14.1,21.7,53.3,4.2,7.4,97.5,22.6
Huntsville AL,25.4,11.3,14.1,20.3,161.3,28.7,13.3,61.2,12.2,13.3,13.2,36.8,89.5,28.3,11.4,-9.3,5,78,82.2,10.6,18.8,32.6,2,33.3,26,8300,65.9,43,61.6,18.5,23.2,36.2,7.3,13,934.5,23.4
Mobile AL,18.8,10.5,14.7,30.3,259.4,34.8,20.5,58.7,15.2,14.7,15.7,42,88,35.4,17.8,-24.6,7,75.5,71.2,12.5,25,39,5.6,38.8,29.5,11600,82.2,31.3,59.6,20.2,40,26,7.9,14.7,949.3,32.6
Tuscaloosa AL,16.6,11.1,17.2,32.8,223.7,28,21.5,59.6,10.3,16.1,13.1,32.6,89.2,37.6,12,-20.5,6,75.4,78.3,11,28.1,31.8,2.5,32.8,27,10400,68.7,33.9,57.7,20.7,22,39.3,8.2,10.1,491.9,32.6
Fayetteville AR,9.5,9.6,18.5,21.1,344,20.8,23.8,59.5,6.6,14.8,10.8,24.9,87.9,34.7,8,-19.1,5,78.1,78.5,8.2,13.2,29.8,4.1,52.2,24.6,8400,63.8,33.9,57,20.5,26.5,55.7,5.2,10.8,639.3,32.1
Fort Smith AR,15.9,10.2,13.7,21.7,270,36.8,15.8,54.7,12.7,16.9,17.4,37.9,87.8,31.1,17,-26.3,8,75.2,69.4,7.4,14.1,35,10.5,23.7,35.1,9700,55.1,27.1,67.6,25.4,40.6,38.2,5.6,17.2,897.3,34.7
Jonesboro AR,19.4,10.5,14.4,18.3,285.6,27.2,17.7,58.1,9.8,15.4,13.8,33.9,94.2,29.7,8.2,-18.2,5,76,79.3,9.6,12.9,35.2,5,24.8,29.3,8900,70.9,34.3,49.2,21.6,36.8,35.1,6.4,12.2,550.7,23.3
Avondale AZ,20.3,8.7,17.7,20,217.4,22,19,59.9,8.9,13.6,12.4,24.8,80.8,34.2,3.2,-7.5,3,78.1,68.3,7.1,7.3,29.9,6.2,23.3,24.7,6800,76.2,29,73.5,18,26.1,34.3,6,14.7,318.7,40.8
Chandler AZ,14.3,9.4,18.6,28.6,201.2,11.9,16.8,70.7,7.3,11.2,10,24,66.7,25.9,3.3,13.3,1,80.1,60.6,6.9,7.4,25.3,4.9,62.1,18.4,4800,88.1,36.1,69.1,14.8,15.5,59.6,4.6,8.8,267.2,53.7
Gilbert AZ,13.3,8.9,20.3,24.1,226.6,6.2,19.7,73.6,6.3,10.9,9.1,22.1,90.2,24.9,2,21.1,1,80.2,71,6.7,3.9,24.5,7.9,30,16.3,4400,89.8,37.9,58.1,14.7,4.4,60,4.7,6.9,91.3,37.3
Glendale AZ,15.1,8.5,16.4,32.4,254.5,29.9,21.6,59.9,10,14,13.8,28.2,89.9,34.9,6.5,-13.3,4,77.9,64,7.4,15.9,29.8,13.7,74,25.7,9200,73.5,31.1,70.2,18.9,34.4,37.3,6.3,15.5,507.2,40.8
Mesa AZ,15.8,8.6,16.6,21.2,196.9,23.2,15.2,64.1,9.6,12.9,13,29.4,75.3,33.3,5.6,-9,3,78.3,60.8,6.5,13.9,28,12.1,65.4,23.4,7700,76.6,33.7,60.7,17.4,29.9,45.3,6,16.3,435.1,37.3
Peoria AZ,10.8,7.4,17.2,27.4,183.7,10.3,15.9,69.7,8.9,11.5,11.7,28.8,83.3,29.3,2.8,6.1,1,79.4,71.7,6.9,9.2,26.2,9.6,37.2,20.6,5600,81.2,35.7,54.7,15.5,15.4,52.2,6.1,9.3,260.9,39.9
Phoenix AZ,18.6,8.8,16.5,20.1,175.6,30.5,14.4,59.3,9.8,13.9,13.6,27.5,75.9,34.3,10.7,-8.6,5,77.9,60.3,7.5,21.2,30.1,8.7,48.5,25.6,6800,71.4,32,71.6,18.6,34.7,37.3,6.9,18,804.4,53.7
Scottsdale AZ,17.3,7.9,16.5,24.5,155.3,13.1,15.1,76,8.4,9.5,10,29.7,85.9,30,6.2,16.8,2,81.7,67.7,6.9,9.9,23.7,9.5,39.4,16.7,5200,82.2,39.3,43.1,11.9,9.6,66,4.1,7.8,168.9,40.8
Surprise AZ,17.3,6.8,16.2,22.1,173.1,12.6,14.3,69.1,9.6,11.2,11.8,31,87.3,27.8,1.4,0.6,1,79.3,78.4,6.6,8.6,26.7,9.4,15.9,20.9,6000,75.2,37.6,51.6,15.6,18.9,48.8,6.7,8.4,94.1,21.4
Tempe AZ,19,9.5,19.3,30.8,202,23.1,15.1,65.8,6.6,12.9,9.9,21.6,68,35.4,7.2,-11.6,4,79.4,48.9,7.9,10.7,24.7,8.6,63.9,19,5800,79.5,35,74.9,15.8,9.5,45.7,5.5,13,505.4,53.7
Tucson AZ,29.4,6.9,15.6,30.4,277.3,32.4,18,59.6,10,14.1,14.4,26.8,70.8,38.7,14.4,-25.8,7,77.3,60.4,7.2,15.6,29,26.3,61.5,25.5,10800,65.6,32.3,67.6,18.8,34,37.7,9.4,15.3,809,42.4
Alameda CA,10.7,9.3,17.4,18.7,176.7,10.2,13.1,71.8,8.7,9.7,9.3,25.8,87.8,36.2,31.5,19.9,7,80.8,33.6,7,3.6,18.5,3.4,90.9,16.2,4000,91,36.4,83.9,11.7,10.6,56.8,5,6.9,326.8,65.2
Alhambra CA,10.2,13,12.4,20.6,181.9,16.4,17.5,61.1,11.4,10.1,10.6,27.7,95.9,44.8,31.3,-7.6,8,83,45.3,7.1,8.1,18.3,3,63,22.8,3700,85.8,29.1,69.9,11.1,17.8,49.4,5.6,11.7,202.7,68.7
Anaheim CA,12.9,13.7,16.3,22.7,216.2,23.4,16.4,60.4,10,12.3,12.5,25.2,86.9,47.9,16.3,3.1,5,80.7,43.1,6.7,10.6,24.1,8.2,65.3,21.7,5400,86.6,33.5,72.7,14.2,24.7,34.5,6.7,16.3,361.3,60.6
Antioch CA,18.6,9.3,16.1,27.5,222.3,22.4,15.5,67.5,9.8,12.8,12.1,27.5,81.6,42.3,10.1,5,3,77.9,54.5,7.2,5.6,30,7.4,70.5,21.6,7600,83.8,32.1,90.9,15.7,16.7,25,9.6,9.2,558.5,39.3
Apple Valley CA,14.3,8.5,16.2,29,262.9,28.9,24.7,60.1,11.9,14,14.7,34.2,88.7,39.8,6,-8.8,4,76.6,93.6,7.2,3.9,28.1,2.2,9.1,23.2,10100,84.4,29.7,67.5,16.8,25.1,37.7,11.9,8,323.3,12.4
Bakersfield CA,14.6,14.1,18.8,35.6,382.3,25.5,22.2,60.9,9.9,14,13.1,25.4,83.5,38,9.9,-3.7,5,77.4,57.7,7.5,14.9,29.3,14.9,45.6,24,12300,78.1,30.1,70.2,17.2,53,37.8,9.2,11.2,497.1,48.2
Baldwin Park CA,20.5,12.8,16.2,14.7,186.7,22.5,15.8,54.3,11.1,12.9,13.2,25.8,94.9,45.6,22.6,-6,7,81.3,47.2,7.1,5.1,26.3,3,34.7,25.7,5000,85.8,25.5,47.3,13.5,17.8,28,6.6,17.2,454.8,50.3
Bellflower CA,13.6,14.1,16.7,24.1,245.3,19.9,14.2,58.6,10.1,13,12.6,27.1,91.4,48.4,24,-7.8,7,78.5,35.3,7.1,4.8,26.7,3,65.9,22.3,6500,85.8,29.5,77,14.4,17.8,34.3,7.2,15.2,467.3,61.5
Berkeley CA,14,9.8,19.6,18.5,120,7.9,12.5,70,6.5,10.9,8.2,20.9,86.8,42.3,43,11,9,83,29.3,5.2,8.5,18.5,2.8,94.7,14.2,3800,94.8,37.4,79,11.2,1.6,61.6,6.8,5.7,561.6,81.3
Buena Park CA,10.4,13.9,15.2,15.8,212.3,22.5,21.3,62.8,10.3,11.4,11.8,25.7,98.8,44.4,22.8,5.5,6,80.6,47,6.3,6.4,21.8,8.2,52.6,20.9,5700,87.7,34.4,79.3,13.4,13.1,46.5,5.1,13.8,352.8,54.5
Burbank CA,9.7,11.8,18.4,22.6,216.6,10.9,13.7,69.1,8.3,11.1,10.7,25.4,84.8,45.5,27.8,5.4,7,81.5,32.4,7,5.7,22.5,3.8,70.6,16.6,4200,87.7,34.8,72.3,12.3,4.1,58.3,7.5,11.4,241.9,69.1
Carlsbad CA,10.2,10.2,21.3,25,127.8,7.4,11.1,78.3,7.4,9.8,8.9,26,94.2,36.1,6.1,29,1,84.2,68.5,5.1,5.2,18.5,8.8,49.3,13.4,2900,91.6,35.3,56.1,10.5,5,73.5,5.2,6.6,220.5,42.8
Carson CA,10.6,13.4,14.6,28.7,229.7,16.1,18,62.7,11.8,10.9,11.3,30.4,89.9,36.8,19,8.4,4,79.9,49.4,7.1,20.1,24.1,3,54.1,21.3,5900,85.8,30.1,83.1,11.9,17.8,36.8,9.1,12.2,512,67.4
Chico CA,11.2,8.6,19.9,31,235.4,19.5,23,64.8,7.1,13.9,11,24,90.7,45.4,13.5,-18.2,7,79,62.9,6.1,4.8,23.7,6.8,49.1,17.8,8300,73.6,33.1,53.7,15.6,17.7,44.6,8.2,9.9,462.1,45.1
Chino CA,11.8,13.3,19.3,27.1,255.2,15.8,15.1,63.1,8.9,12.2,11.2,25.7,90,41.9,8.8,8.6,2,80,55.8,7.2,7.1,25.5,2.2,56.2,20.2,4800,84.4,28.4,78.9,14.2,25.1,44.8,7.8,12.4,271.3,42.7
Chino Hills CA,7.4,13.5,17.6,21.3,156.9,6.5,19,71.9,8.1,9.7,8.7,24.7,94.8,37.2,4.9,27.5,1,82.1,70.9,7.2,5,20.2,2.2,72.4,16,3400,84.4,32.7,82.9,10.6,25.1,66.7,6.5,6.3,90.6,23.4
Chula Vista CA,8.5,10,19.1,18.9,169.7,16,18.1,66,9.8,11.8,11.1,25.5,80.1,46,11.1,4.6,3,81.4,54.1,6.7,8.3,21.9,4.2,64.4,20.6,4400,87.9,27.5,72.8,12.5,17.8,58.8,9.2,11,310.1,50.9
Citrus Heights CA,19.6,8.7,19.6,22.5,211.4,17.1,15.6,65.9,9,13.2,12.7,30.5,82.4,39.8,11.1,-7.3,3,78,55.1,6.9,3.7,27.9,4,63,19.8,7300,84.8,30.5,59.6,16.4,18.7,29.6,8.1,11.4,406,42.2
Clovis CA,6.7,14.3,17.7,34.3,249.1,16.7,16.9,68.7,8.9,11.9,11.2,27,93,34.5,5.9,5.1,2,79.2,67,7.6,4.3,29.1,10.3,69.5,18.6,6500,88.2,35,71.8,14.2,32.8,63.2,7,7.7,237.9,38.8
Compton CA,15.2,13.9,15.4,47.4,378,29.8,28.1,47.7,13,15.7,15.8,31.2,87,52.2,32.9,-18,9,77.6,38.1,7.1,12.7,33.8,3,74.1,28.2,11800,85.8,22.7,50.8,17.4,17.8,29.8,11.9,17.6,1190.9,63.4
Concord CA,15.4,9.1,16.5,27.9,175.2,12.8,16.5,70.7,9,11.7,11.2,26.2,84.9,40.4,16.1,9.9,4,80.4,55.3,6.1,10.2,27.3,5.9,61.1,19.6,5300,86.1,35.7,77.9,14.1,14.5,37.5,7.1,11.2,364,49
Corona CA,11.4,13.1,19.6,34.8,262,14.6,17,65.4,8.6,11.9,11.2,25.4,92,45.3,6.8,8.8,2,80.6,65.1,6.5,8.4,27.1,3.8,60.3,21.2,6100,84.9,31.6,77.6,14.2,18,53.2,6.7,12.8,138,37.9
Costa Mesa CA,21.4,12.4,19,31.5,183.4,18.4,14.1,66.2,8,11.8,11.1,23,61,43.7,15.5,10.5,4,80.6,36.5,6.4,13.5,22.9,15,66.5,17.4,4900,88.8,36.8,71.8,13.8,16.8,42.8,5.4,15.7,321.1,62.5
Daly City CA,14,8.6,13.2,21.6,168.6,9.7,12.7,69.6,10,9.1,8.8,27.2,94.3,41.7,22.7,16.7,4,82.6,19.8,8.3,4.8,18.5,2.9,80.9,20,4400,85.6,33.3,71.3,10.8,9.2,41.1,6.1,8.4,251.1,63.2
Downey CA,11.1,14.2,17.6,18.1,208.1,15.1,16.9,62.3,9.6,11.7,11.8,25.4,87.5,45.3,27.8,4.7,7,80.4,32.8,6.6,3.8,25.5,3,43.5,21,4900,87.8,30.4,52.9,12.1,14.4,50.1,6.3,15.8,337.4,59.1
El Cajon CA,8.5,9.6,19.7,56.3,380,32.5,31.4,60.6,10,15.3,13.9,28.4,69.2,48.6,15.2,-14,7,77.6,47.5,6.5,4.9,24.5,15,45.4,22.4,11300,85.7,28.1,66.8,18.2,17,37.8,10.6,12.6,416.9,55.7
El Monte CA,9,13,14,11.8,153.8,35.9,16.2,48.1,12.7,14.1,14.8,28,79.6,52.8,24,-18.2,8,81.6,38.4,6,10.6,25.9,3.2,55.6,29.5,5200,88.4,23.9,56.2,15.6,29.9,31.4,6.7,22.2,389.9,60
Elk Grove CA,16.7,9.8,17.8,21.7,175.6,11.1,14.4,69,8.6,11,10.1,27.7,95.9,35.4,2.9,17.5,1,81.1,68.5,7.6,4.7,24.4,3.6,89.5,18.2,4700,91.3,30.6,90.9,13,7.2,51.5,7.5,5.5,342.2,31.9
Escondido CA,11.5,9.6,19.6,32.7,231.9,22.6,20.4,61.6,9.7,14,13,26.9,88.4,47.3,9,-2.5,4,80,52.1,6.4,11.2,23.4,9.8,38.3,22.4,6500,82.6,28.3,67.9,15.8,25.5,37,6.3,19.5,384.2,41.5
Fairfield CA,14.2,9.3,17.6,27.6,193.9,15,14.8,66.2,10,12.5,11.8,28,84.9,38.1,8.3,9.2,3,79,67.6,6,6.2,25.3,4,71.2,22,6800,79.8,34.1,91.8,15.3,16.2,41,9,8,492.1,35
Folsom CA,7.7,7.9,21.8,25.7,181.4,5,6.5,74.7,6.7,9.9,8.9,25.7,98.2,28.8,4.9,32.3,1,81.7,74,6.9,10.7,23.8,3.6,73.8,14.3,3500,84.8,35.2,68.8,12.2,18.7,71.5,4.6,3.1,85.4,32.6
Fontana CA,11.3,12.1,18.2,30.9,214.6,20.6,21.3,57.5,9.8,13.6,12.6,26.3,89.8,44.7,9.4,2.3,3,79.1,65,6.9,8.8,28.2,2.2,52.6,23.6,6300,86.3,25.4,61.5,15.2,27.7,31.3,8.9,15.2,347.9,36.2
Fremont CA,6.9,8.3,16.8,16.5,122.6,3.9,8.8,72.4,7.9,8.5,7.8,22.7,91.5,30.1,10.9,40,1,83,60.7,7.7,7.2,15.7,3.4,68.6,15.6,3200,93.1,36.5,72.2,10.4,4.5,68.8,4.6,3.7,189.1,47.1
Fresno CA,6.6,15.1,15.1,25.2,299.4,40.1,15.8,55.4,11.5,14.6,14.3,28.9,77.6,43.4,15.6,-18.3,8,77.8,58.4,8.1,11.9,33.7,10.4,66.6,26.2,9100,88.5,29.7,78,17.1,40.1,34.8,11.1,12.4,578.8,46.3
Fullerton CA,8.6,14,16,23.7,185.3,19.9,11.7,66.3,9.1,10.9,10.8,24.9,87.1,45.3,19,8.2,5,81.1,45.9,6.1,12.6,21,9.7,73.8,18.4,4700,86.1,36.7,78.4,12.3,14.6,49.9,7.5,12.6,210,54.5
Garden Grove CA,9.7,13.4,13.9,18.2,204.7,21.2,14.1,58.4,11.5,11.9,12.5,27.2,93.1,45.5,21.8,-0.9,7,81.2,26.2,6.7,10.7,21.1,8.6,43.5,23.7,4900,87.7,31.8,73.6,14.5,14.7,45.7,6.2,13.3,344.6,66.1
Glendale CA,14.5,11.9,16.6,26.4,169.3,19,14.8,66.4,9.5,11.7,11.9,28.3,90,51.7,27.4,-4.2,8,82.4,24.8,6.9,5.7,22.5,1.8,75.4,18.6,3400,88.6,34,66.8,13.3,5.7,58,8.1,12.1,138.5,68.9
Hawthorne CA,13.9,13.3,16.4,32.2,291.9,23.5,18.8,55.3,10.7,13.8,13.1,27.8,82,51.5,20.4,-12.6,7,78.7,20.7,7.1,11.9,29.8,3,74.6,23.5,7200,85.8,27.5,76.2,15.4,17.8,38.9,9.3,18.2,675.2,71.5
Hayward CA,14.6,8.7,18,31.5,217.7,15,18.5,61.9,9.7,11.8,11.1,25.6,79.8,41.6,19.5,10.2,4,79.8,40.3,6.8,7.6,22.7,4.5,76.2,21,7300,87.8,31.3,87.8,14.6,21.3,28.2,6.3,10.1,364.4,53.2
Hemet CA,17.3,9.8,14.6,41.2,456.6,32.8,26.9,57,13.4,13.8,16.7,37.8,85,45.2,7.4,-27,5,76.6,59.6,6.7,6.2,30.3,17.6,33.5,28.7,16000,84.6,29.4,68.3,16.9,20.2,30.7,16.8,15.1,552.3,33.4
Hesperia CA,0,8.9,17.2,27.7,292.1,28.2,23.5,54.4,11.3,15.4,15.3,30.5,63.8,39.3,6.1,-16,5,77.2,86.3,7.2,7.3,29.9,3.8,12.1,25.5,8500,84.4,26,63.9,18.5,25.1,31.3,13,12.4,410.1,16.1
Huntington Beach CA,10.3,12.6,18.1,21.2,178.8,11.4,10.4,72.5,8.5,10.3,10.4,25.8,95.7,38.1,9.6,19.5,2,81,38.2,6,7.9,21.1,13.5,84,15.2,4400,91,40.1,67.8,12.1,5.9,63.8,4.7,9.1,232,54.8
Indio CA,14.3,7.2,16.9,22.2,210.5,25.8,18.6,57.2,11.4,13.3,14.4,30.2,87.4,44.1,5.5,-11.6,4,80.1,69.1,6.7,25.3,31,12.5,31.8,27.1,7100,84.6,30.7,55.8,15.5,20.2,34.6,10,17,748.2,30
Inglewood CA,16,13.4,15.2,28.3,300.9,28.9,15.6,54.4,12.8,14,14.3,32.9,82.9,53.3,30.8,-14.6,9,78.8,32.6,8.2,21.1,32.9,3,62.6,24.5,7700,82.4,26.1,61.9,15.4,26.6,26.8,11.5,18.4,707.1,69.2
Irvine CA,6.2,12.5,16.5,15.5,127.4,10.6,11.4,73.7,6.8,9,7.7,20.4,96.7,41.5,3.7,22.4,2,83.1,39.5,5.7,5.2,16.4,3.4,80.4,13.3,2900,78.3,39.8,75.1,9.5,1.2,73.9,5.7,6.2,68.4,51.1
Lake Forest CA,8.7,12,18.7,26.1,186.6,9.3,10.8,73.1,7.8,10,9.8,23.4,96.4,37.4,5.9,28.1,1,81.6,48.7,6.3,6.4,20.8,9.1,78,14.7,3400,87.7,38.2,74.3,11.4,13.1,53.6,5,9.4,164.9,43.5
Lakewood CA,14.9,13.8,17.8,18.9,238.5,8.1,17.3,68.1,8.8,11,10.6,26.2,90.3,37.2,31.1,15.5,6,79.4,26.1,7.1,5.2,22.7,3,76.3,17.7,5700,85.8,34.5,85.8,12.3,17.8,41.8,5.4,8.5,392.3,53.3
Lancaster CA,18.7,7.9,17.6,32.9,365.3,29.7,22.1,56.3,10.4,14.5,13.9,28.2,60.3,41.2,7.7,-14.9,5,76.8,73,8.9,6.1,29,6.3,18.1,22.7,9600,68.9,28.5,80.7,16.9,32.7,28,8,9.7,763.5,28.4
Livermore CA,9.2,8,21.5,21,153.5,3.8,13.2,72.4,7.5,10.7,9.9,23.8,94.1,33.8,11.8,34.8,2,81,70.4,7,7.7,21.3,3.4,77.4,15.2,4000,91,37.6,67.2,13.4,10.6,58.2,3.9,5,191.9,36.8
Long Beach CA,20.6,13.4,17,23.5,252.9,27.1,15.8,60.2,9.7,12.9,12.2,26.5,80.9,45.2,31.3,-3.7,9,78.5,29.3,7.5,15.1,25.8,3.7,82.9,21.1,6600,84.8,32,84.7,14.2,18.8,39.9,8.2,13.2,660.1,69.9
Los Angeles CA,13,12.3,16.7,21.6,210.9,29.5,14.8,58.8,10.2,12.9,12.8,26.7,79.3,51.4,28.8,-5.5,9,80.4,31.8,7.4,27.3,26.1,3.4,60.6,22.2,5500,85.6,30.7,78.7,14,21.4,36.5,8.1,17.2,778.5,90.7
Lynwood CA,15.9,14.1,16.2,26.7,248,34.2,10.1,46.4,11.7,16.1,15.9,26.5,82.5,57.6,31.8,-14.5,9,79.2,41.9,7.1,7.2,32.3,3,72.8,29.2,5900,85.8,21.7,29.9,17,17.8,27.5,9.4,21.7,643,68.9
Manteca CA,14.3,10.6,19.2,30.2,266.5,15.6,21,63.8,9.6,13.6,13,28.4,94,38.9,8.2,1.9,2,79.1,64.4,7.2,6,30,10.2,86.4,22.9,7300,80.1,33.6,77.9,16,22.8,36.5,10.1,7.3,348,38.7
Menifee CA,15.2,10.9,17.4,5.8,99.2,12.6,6.3,65.7,10.8,11.7,13,32.8,95.9,40.4,4.1,-1.9,2,79.9,88.8,6.7,6.2,27.3,6,28.7,22.7,1900,84.6,32.5,74.3,14.3,20.2,43,9,9.3,144.7,27.2
Merced CA,15.6,11,16.1,22.6,315.9,41.1,21.1,51.9,11.8,15.6,15.1,28.6,84.6,43.6,12.5,-21.9,8,77.4,64.4,5.9,6.7,28.4,17,70.4,28.2,10300,70.6,25.8,74.1,17.8,30.8,31.4,16,10.9,691.1,40.6
Milpitas CA,7.3,7.9,13.1,15,142,10.6,11.8,70.2,8.8,8.6,8.1,22.2,95.7,33.6,7.8,34,2,83.2,45.8,7,6.2,16,3.4,69.8,20.3,3400,86.7,33.9,64.8,10.1,11.2,58.7,5.9,4.6,155.2,47.7
Mission Viejo CA,11.1,11.7,18,21.1,166.2,5.2,10.3,76.1,8.2,9.4,9.8,26.2,96.5,35.8,6,33.7,1,82.4,62.4,6.3,4.5,20.3,8.7,87.8,13.9,4100,87.7,41.2,64.3,10.6,13.1,55.9,5.4,6.2,105,39.3
Modesto CA,14.9,11.2,17.3,29.9,300.8,23,21.7,61,10.8,13.8,13.6,30.8,73.8,40.3,14,-8.4,5,77.5,57.5,6.9,9.6,31.3,6.7,78.7,25,10600,80.4,31.3,70.9,16,36.1,28.9,11.3,10.2,994.7,44.9
Moreno Valley CA,11.2,12.1,18,30.2,225.8,23.6,17.6,57.2,10.2,13.8,13.1,28.1,90.1,43.7,4.9,-3.3,3,78.7,68,7.6,5.7,31.2,2.6,49.1,25.6,6200,87.7,27.7,73.5,16.5,21.3,27.9,11.3,16.1,394.9,29.5
Mountain View CA,7,7.9,16.9,15.2,134.9,9.3,12.3,75.4,6.9,8.6,7.8,20.3,94,32.8,15.6,36.5,3,83.2,40.3,7,4.7,19.1,3.4,89.3,15.8,3400,86.7,37.7,75.9,9.4,11.2,65.6,4.1,7.2,190.3,58.2
Murrieta CA,3.1,10.4,20,27.8,227.1,10.8,22.1,69.6,8,11.3,10.5,26.4,95.2,42.3,2.2,14.1,1,81.9,69.7,6.3,3.5,25.6,7.9,59.2,18.7,5000,87,35.2,77.7,13.8,10.9,51.5,10.3,9.4,73.7,27.2
Napa CA,11.6,9.6,19.2,30.6,206.8,9.9,14.9,70.2,8.9,12,12,28.1,91,40,17.8,11.9,4,80.8,54.1,5.4,14.3,24,5.7,72.7,19.8,6200,89.3,34.1,64.2,14.5,12.9,32.6,4.9,10.8,341.9,46.2
Newport Beach CA,13.1,12,18.1,26.5,99.1,2.4,7.7,79.2,7.6,8.4,8.8,26.1,97.2,39.8,14.2,37,2,83,54.8,6.3,13.4,18.9,9.8,75.8,11.8,2800,87.7,43.4,58.1,9,13.1,71.1,4.3,5.8,142.8,62.5
Norwalk CA,15.4,14.2,16.8,18.5,226.6,20.3,14.5,58.7,10.6,12.3,12.5,26,95.2,44.2,31,-0.8,8,80.3,26.3,5.9,5.9,25.8,3.1,65.1,23.1,5700,87.7,28,57.7,13,22.4,38.8,6.8,15.7,410.9,57.8
Oakland CA,15.5,9.4,17.1,23.1,167.4,26.4,16.1,60.6,11,12.4,12,28.9,71.4,43.8,37.3,1.1,9,79,37.5,7.1,17.4,25.1,6.2,87.3,21.5,6900,91.2,30.2,93.7,15.5,20.2,29.2,8,12.2,1339.9,72
Oceanside CA,11.6,10.1,20.4,23.5,185.8,16.1,13,67.6,9.1,12.5,11.4,27,59.4,43.9,8.2,1.9,3,80.8,49.8,6,7.4,21.7,9.3,56.8,19,6000,87.5,30.7,73.4,13.9,30,38.1,6.6,11.9,399.2,35.3
Ontario CA,11.4,12.9,18,28.4,233.8,24.3,14.2,56.3,10.1,13.9,13.2,26.9,84.6,46.4,16.4,-7.1,5,79.6,50.2,6.6,7.9,28.5,2.2,51.3,24.3,5800,85.9,25.8,63.2,15.6,24.2,33.8,8.8,15,403.2,44.7
Orange CA,14.6,13.4,18,22,195,18,11.4,67.1,8.7,11.3,11.1,24.4,96.5,40.5,15.2,18.4,4,81.8,56.9,6.1,11.9,22.3,7.9,44.1,17.7,4700,90.8,36.6,74.7,13.1,13.3,37.7,5.7,12.3,155.8,54.5
Oxnard CA,12,9.6,17,13.9,180.3,23.5,16,56.3,10.8,13.7,13.4,26.5,66.3,46,12.8,4.2,5,80.1,49.8,6.4,18.6,28.3,7.7,78.3,26.9,5900,77,27.9,55.7,15.2,36.2,19.6,7.8,20.6,443.5,55.1
Palmdale CA,15.2,8,17.1,31,266.2,25.9,18.7,55.6,10.6,14.6,14.3,27.3,64.6,45.2,7.3,-6.9,4,78.8,75.8,8.8,11.7,29.3,3.3,34.6,24,7800,68.4,27.9,71.1,16.3,27.6,28.4,10.1,11.9,434.2,25.1
Pasadena CA,12.3,11.8,17.1,25.4,220.9,18.4,14.8,67.7,8.9,10.5,10.3,26,47.7,44.2,32,9.7,8,81.9,44.5,7.2,11.5,22.9,2.7,67.4,17.2,5100,90.5,34,84.8,11,13.5,43.6,5.8,11.8,409.2,67.4
Perris CA,16.5,11.6,17.9,41.2,491,29,33.5,52,10.4,14.9,14.2,26.8,86.4,46.9,4.6,-8.1,4,77.8,79.2,6.7,9.1,33,9.2,50.1,28.6,10500,84.6,24.2,58,17.4,20.2,29.2,13,18,260.5,24.2
Pleasanton CA,4.7,8.3,19.7,11.7,129,5.2,13.5,77.6,7.2,8.7,8.2,23.5,96.7,31.4,7.6,47.5,1,83.6,51.1,7,4.5,18.1,3.4,80,13,3100,91,40.2,69.6,10.2,10.6,76.4,3.5,3.2,128.5,39.8
Pomona CA,15.5,12.7,16.6,19.5,220.5,29.6,14.4,54,10.7,13.9,13.7,25.9,75,48.1,25.3,-9,8,79.8,50.9,7.2,13.2,27.9,3.4,67.7,24.9,6500,85.3,26.7,66,14.7,27,26.1,9.7,18,561.9,51.7
Rancho Cucamonga CA,8.7,11.7,19.6,23.3,152.7,11.8,14.4,68.9,8.1,11.3,10.1,25.8,96.5,40.4,5.7,15.2,1,81,53.3,6.6,5.1,24.1,2.2,34.8,17,3800,85.2,31.9,82.3,12.8,6.1,57.5,7.3,7.7,189.8,38.3
Redding CA,11.3,7.4,17.7,30.4,259.5,24.7,18.6,59.9,9.9,13.4,13.3,30.6,91.7,43.4,11,-15.1,5,76.8,76.1,6.1,6.7,25.4,13.7,43.5,20.7,10600,75.1,32.5,46.8,17,22.3,45.3,6.4,10.4,716.2,25.8
Redlands CA,10.8,11.1,18,18.8,214.7,19.4,15.6,67.9,9,11.7,11.1,28.3,90.8,35.9,17.6,5.1,5,79.3,67.6,7.2,9.7,23.8,2.2,50.9,18.2,6300,84.4,33,77.2,12.9,25.1,54.8,6.8,8.6,306.6,42
Redondo Beach CA,4.9,12.7,20.6,21.3,238.3,3,17,77,6.5,9.2,8.2,22.4,96,37.8,18.1,31.3,3,81.2,23.6,7.1,3.1,20.1,3,97.7,12.1,4200,85.8,39.4,69.9,9.9,17.8,74.7,5.2,6.3,260.1,73.8
Redwood City CA,18.3,7.9,17.9,24,160.7,13.5,15.1,71.7,8,10.6,9.8,25.3,83.5,42.1,23.8,27.8,5,82,37.1,7,17.1,25,2.9,80.1,17.4,4400,91.4,37,73.7,12.2,10.1,48.1,3.6,8.7,253,58.8
Rialto CA,14.1,11.9,17.1,23,254.6,23.9,18.7,54.1,11.2,14.5,14.1,29.2,80.6,43.9,11.5,-9.7,5,78.9,53.5,7.2,6.4,30.5,2.2,24.9,25.7,7000,84.4,24.3,57.8,16.3,25.1,28.6,12.2,15.2,389.6,42
Richmond CA,27.1,10.2,14.2,16.9,194.8,21.7,15.1,63.1,11.6,12.9,12.8,30,77.4,43.5,24.8,-2.4,8,78.8,61.5,8.4,11.6,31.6,3.9,77.9,24.3,6600,85.8,29.8,90.3,15.5,26.6,23,8.7,15.3,936.3,67
Riverside CA,14.9,12.9,18.7,34.7,309.2,21.7,22.8,60.8,9.1,13.1,12.2,26.4,77.5,42.2,16.9,-1.8,6,78.9,57,6.8,10.5,28.1,8,51.5,23.3,8200,84.9,30.6,73,15.2,26.8,37.2,9.5,13.7,523.7,41.3
Roseville CA,7.1,8.4,19.7,17.3,182.4,8.4,16.7,71,7.8,10.8,10,26.6,91,35.3,6.9,15.2,2,80.3,65.3,5.7,4.5,21.3,3.9,82.2,16.3,5100,86.7,37.1,59.5,12.5,6.1,60.5,5.7,6.6,184.8,36.4
Sacramento CA,17.7,9.6,16.8,39.5,363.2,27.2,25.3,60.5,10.4,13.2,12.7,30.3,75.4,40,19.4,-8.5,7,78.4,54.9,7.3,9.8,28.1,6.6,81.8,22.7,12300,84.2,27.4,91.4,15.7,41.2,30.5,9.3,10.1,697.2,47.1
Salinas CA,12.4,5.7,16.5,22.1,206.9,25.7,16.5,52.4,10.7,14.5,14.1,25.5,80.8,46.8,16.2,-6,6,79.1,38.8,6.5,14.6,30.8,4.6,88.1,28.1,7500,75.5,25.7,47.7,16.7,39.7,18.8,6.2,17.4,655,53.1
San Bernardino CA,20.1,11.3,15.5,34.2,307.9,42.6,22.9,47.8,12.8,16.6,16.6,31.5,79.4,48.5,21.9,-25.6,9,76.6,55.8,7.5,10.7,32.3,4.3,45,29.4,11100,83.7,22.9,68.5,19.1,47,25.6,12.8,17,1307.2,42
San Buenaventura (Ventura) CA,8.8,9.1,18.7,19.5,181.1,14.1,16.5,70.7,8.7,11.3,11,27.8,91.7,41.7,17.6,6.3,4,80.2,51.2,5.6,8.8,24.5,10,64.3,18.6,6100,87.8,35.7,61.3,13.1,18.7,48,6,10.6,421.8,46.9
San Diego CA,12.1,10.2,20.7,20.1,163.5,18.6,14,69.1,8.2,11.6,9.8,24.1,78,42.7,15.5,8.6,4,81.2,50.3,6.7,20.5,19.8,7.5,78.9,17.4,4800,86.5,31.4,82,12.6,15.5,54.8,7,11.6,379.8,63.6
San Francisco CA,6.2,9.1,21.6,17,138.1,11.4,14.6,69.7,8.5,9.9,8.9,25,82.9,35.9,41.9,21.5,9,82.1,10.4,6.9,14.6,17.1,10,99.5,17.8,4700,89.1,31.2,81.6,11.7,8.1,48.2,5.4,6.4,741,86
San Jose CA,11.1,7.7,15,18,161.9,11.6,11.6,68,9,10.2,9.9,23.2,83.2,39.4,14,25.7,3,82.4,44.7,6.9,16.4,20.8,3.6,77.8,21.4,4300,83.5,33.9,81.1,11.6,15.8,50,6.4,8.2,414.9,54.5
San Leandro CA,14.9,9,16.1,27.6,179.9,13,18.7,64.1,10.6,11,11.3,28.4,90.5,40.5,28,5.5,7,80.9,22.9,7,6.6,21.2,3.4,60.1,21.1,6700,91,32.3,88.7,14,10.6,38.5,6.3,9,588.5,62.3
San Marcos CA,7.6,10.1,20.9,25.1,211.7,12.3,19.5,68.2,8.2,12.3,10.8,24.8,96.5,43.4,4.9,8,2,82.4,66.6,6.5,10.7,21,5.7,56.8,18.4,4400,85.7,30.4,70.6,13.6,17,56.9,4.8,13.1,213.2,41.5
San Mateo CA,7.6,8.2,16.6,15.8,131.1,9.8,15.1,73.2,8.5,9.8,9.4,26.6,92.3,39.3,25.7,31.8,5,83,24.5,7,7,22.8,4,81.1,17.1,3800,91.4,36.8,79.7,11.4,10.1,50.9,4.1,6.8,262.2,64.2
San Ramon CA,6.3,8.6,16.5,20.8,133.8,4,9.3,81.3,6.6,8.2,7.1,21.2,97.5,35,3.6,51.2,1,84.6,72.3,6.8,10,20.4,4.7,62.1,13,2800,88.3,40.2,72.6,9.1,11,79.5,3.6,2.9,75.3,25.2
Santa Ana CA,6.6,13.1,15.7,21.9,211,28.7,16,50.3,11.3,14.5,14.9,25,90.3,49.9,20.4,-2.2,8,81,24.3,6.4,20.3,27.6,7.7,74.6,27.3,5600,86.7,27.6,54.8,16.4,30.3,23.2,6.5,22.5,491.6,66.1
Santa Barbara CA,12.7,8.5,18.9,36,235.4,15.4,15,70.9,8.4,10.9,10.7,26.6,80.9,46.6,27.5,9.6,7,82.5,43.5,6.3,12.7,23.8,10.3,76.9,17.6,7000,80.1,33.6,59.9,12,19.2,40.2,4.5,14.6,414.6,62.3
Santa Clara CA,13.3,8,15.9,19.5,164.9,7.4,13.3,73.4,7.1,9,7.9,20.3,83.5,36.5,17.7,32.9,3,82,39.7,7.6,5.7,17.9,4.6,80,17.1,3800,91,36.2,80.4,9.8,5.4,62.5,4.2,5.3,174.4,59.2
Santa Clarita CA,12.5,9.3,19.7,26.5,211.2,11.7,15.4,70.1,7.7,11.2,10.4,24.3,76.6,40.9,6,23.3,2,81.5,66.8,6.7,8.1,22.9,5,46.2,16,5300,88.4,36.1,76.5,12.4,10.4,57,7.1,9.4,195.2,34.2
Santa Maria CA,10.5,8.8,16.8,32,299.9,26.8,17,53.4,11.1,15.1,15.3,27.9,89.8,44,11.5,-6.7,5,80.5,50.1,6.3,15.2,29.2,9,70.8,28.1,8300,80.1,26.3,51,17,19.2,19,5.9,22.8,459.3,51.3
Santa Monica CA,17.5,12.2,19.2,19.8,174.2,7.4,13.6,75.3,7.1,9.4,8.7,24.3,89.4,43,24,16,6,82.5,12.8,7.1,5.5,20.6,4.2,87.3,12.8,3800,85.8,37.9,67.1,9.7,17.8,73.7,7.3,7.3,764.3,82.7
Santa Rosa CA,15.6,8.4,17.9,25,207.6,16.9,21.3,65.7,8.5,12.4,11.6,27.6,84.4,41.2,13.1,4.5,3,79.7,52.3,5.8,9.8,24,8.2,66.4,19.7,6600,88.5,34.9,66,14.4,20.4,42.6,6.2,11.1,416.9,43.5
Simi Valley CA,4.3,9.9,19.6,23.5,185.1,6.7,14.1,72.6,8,10.9,10.1,25.8,74.4,39.8,7.2,23.2,1,81.3,60.9,6.2,5.1,23.1,6.2,57.8,17.4,4600,91,36.3,64.6,13,8.2,45,5.4,7.9,145.9,38.6
South Gate CA,13.6,14.1,16.5,16,168,27.2,13.5,49.6,11.6,14.8,15.3,25.6,83.8,53.1,34.7,-14.9,9,81.1,21.2,7.1,13.4,30.5,3,59.7,28.1,4700,85.8,23.4,14.8,15,17.8,34.3,11.1,22.4,707.8,68.9
Stockton CA,17.5,10.8,15.6,31,293.2,30.3,19.1,56.1,11.9,14.4,14.4,30.6,75.9,44.4,16.3,-14.5,7,76.9,59.4,8,10.5,30.5,12.9,73.3,27.8,11200,78.7,29.2,84.9,16.3,36.5,29.6,11.9,11.9,1452.7,41.8
Sunnyvale CA,8.4,8,15.1,23.6,141.2,5.9,16.1,74.9,7.3,8.2,7.6,21.1,91.4,29.8,15.4,38.1,2,83.2,33.4,7.8,6.9,17.3,2.3,58.7,16.6,3300,93.2,38,76,9,11.4,57.3,5,5.4,121.7,55.1
Temecula CA,12.7,9.8,21,36.1,237.8,7.3,18.8,71.3,7.4,11.1,9.9,24.8,93.5,38.8,2.6,19.4,1,82.1,70.2,6.3,3.2,25,3.6,56.1,17.5,5000,87,36,76.2,13.5,7.1,57.2,7.6,9,107.4,27.7
Thousand Oaks CA,13.6,9.9,18.3,20.7,172.1,5.2,12.7,75.7,8.1,9.8,9.7,27.4,92.5,38.3,7.3,31.1,1,83.3,64.7,6.6,6.6,21.9,5.5,81.8,16,3900,93.6,38.3,58.9,11,5.1,61.8,6.6,7.9,133.7,32.7
Torrance CA,10.3,12.8,15.8,23.2,198.9,7,15.2,72.7,8.7,9,9,26.3,95.7,38.2,23.3,17.5,4,82.9,35.2,6.3,7,18.4,4.6,81.3,15.8,5500,87.7,36.6,80.3,9.7,9.6,61.4,5.5,7.5,181.3,73.7
Tracy CA,12,9,19.7,47.1,268.7,11.8,29.4,67.2,8.6,12.3,11.1,25.8,89.8,35.8,7.8,15.4,2,79,58.4,7.2,5.1,28,3.9,90.3,20.6,6500,80.1,33.7,86.1,14.2,22.8,35.8,7.4,8.2,223.4,42
Turlock CA,14.2,11.6,18.3,21.6,246.4,19.9,21.6,63,9.8,13.4,12.7,28.5,91.4,40,10.9,-9.2,4,79.4,60.3,6.5,9.2,29.8,3.8,71.5,23.5,7100,81.9,32.4,64.2,15.3,27.1,32.6,10.1,10.5,628.1,42.4
Tustin CA,7.7,13,16.8,17.6,189.2,19.7,16.3,66.4,8.4,10.9,10.5,23.1,98.2,45.7,7.6,12.2,2,81.5,50.9,6.3,13.3,21.6,5.4,69.4,18,4200,87.7,36.6,76.6,12.5,13.1,40,5.6,11.6,166.3,66.1
Union City CA,15.5,8.5,15.5,11.4,138.1,8.3,10.4,66.7,9.7,9.6,9.1,25,88.5,35.2,8.1,27.4,2,82.9,61,7,9.1,17.1,3.4,85.4,19.3,4000,91,32.4,79.7,11.9,10.6,44.6,5.4,5.7,346.9,53.2
Upland CA,12.1,11.8,17.6,24.7,229.5,17.9,15.4,65.6,9.5,11.9,11.6,29.1,93.9,42.1,13.1,4.6,4,80.5,64.6,7.2,6.7,25.1,2.2,43.4,19.5,5700,84.4,32,75.1,13.5,25.1,52.2,6.2,9.8,305.9,46.3
Vacaville CA,13.1,8.9,20.1,29.8,187,11.7,22.2,70,9,12,11.2,27.4,91.9,37.9,7.5,12,2,80.5,60.9,6.5,7.8,25.3,4.2,77.5,19.3,6600,81.9,36.3,80.2,15.5,16.4,39.8,6.6,6.9,207.1,36.1
Vallejo CA,29.8,10,14.9,29.2,182.6,22.6,15.8,64.4,12,12.2,12.3,31.5,79.2,43.2,21.9,-2.1,6,79.2,60.9,7.6,6.9,25.2,7.4,65,23.9,8000,84.4,31.7,94.3,14.9,23.5,26.9,10.7,10.6,875.9,41.6
Victorville CA,14.5,8.4,17.1,29.6,424.8,30.9,25.2,53.5,11.3,15.1,14.6,30.5,60.2,44.6,5.2,-16.7,5,76,90.4,8,6,30.7,3.4,27.3,25.3,9600,81.3,25.1,74.3,18.2,32.9,28.6,14.2,12.4,710.5,19.1
Visalia CA,12.6,16.4,18.3,21.2,268.7,27.2,19.4,60.9,10.4,13.1,13.1,27.9,81.9,37.9,9.8,-7.8,5,78.4,58.6,6.9,7.1,33.4,3.6,40.9,23.1,7900,78.2,32.5,63.4,16.1,39.7,38.8,6.8,8.3,355,38
Vista CA,13.1,10.1,21,20.3,231.6,19.7,21.5,63.1,8.8,13.8,12.1,25.5,79.9,46.7,8.7,-1.3,4,81,48.6,6.5,10.7,23.1,13,49.5,20.9,6100,85.7,28.7,65.2,15.5,17,34.5,5.1,16.4,375.4,43.2
West Covina CA,10,13,15.7,25.2,188.4,14.2,14.6,64.7,10.1,10.4,10.7,26.3,93.4,41.8,22.6,8.8,5,81.4,49.6,7,6.4,21.9,3,57,20.3,4700,89.4,31.3,68.5,11,13.3,53.6,8.4,11.2,255.5,56.2
Westminster CA,6.6,13.1,12.4,18.3,178.5,21.4,14.4,58.4,12.7,11.5,12.8,29.6,92,46.8,15.3,-5.7,6,82.2,22.1,6.3,9.3,19.6,8.8,66.5,24.4,5300,87.7,31.6,74.9,14.3,13.1,46.3,6.1,12.4,306.7,61
Whittier CA,14.4,14,18.1,60.3,400.4,14.8,28.4,65.9,9.2,11.2,11.4,25.4,86.7,42.8,33.3,5.2,8,81.5,63.6,7.1,11,25,8,85.9,19.3,11400,85.8,32.6,56.3,11.4,17.8,50.6,5.4,10,346.3,61.4
Arvada CO,21.4,7.7,20,15.6,171.5,9.1,12.3,70.5,6.7,10.3,10.4,25,87.9,28.7,9.8,11.5,2,80.1,76,8,8.4,23.7,11.9,96.1,14.1,6100,83.9,37.5,43,16.1,16,40.1,4.2,6.8,170,50.1
Aurora CO,27.3,7.9,17.6,24.8,157.5,19.6,14.3,62.8,7.5,12.1,10.9,26.9,71.2,37.5,7.5,-3,3,78.6,64.5,10.2,10.9,25.5,11.4,87.7,19.4,7100,69.2,34.3,80.1,18.6,28.4,27.4,6,15.3,637.7,60.5
Colorado Springs CO,24.2,5.7,16.3,24.4,193.5,16.9,16,66.8,7.1,11.6,11.2,24.6,77.2,34.3,11.5,-2.4,3,79.4,76.1,9.8,7.6,24.1,13.3,74.1,16.6,8000,78.6,31.9,60.2,16.3,27.3,43.1,6.9,10,552.4,35.5
Denver CO,30.9,8.3,23.9,21.5,173.4,22.8,16,65.3,6.2,11.4,10.3,23.7,72.2,35.3,25.7,0.1,7,78.6,51.9,9.2,20.2,19.8,12.5,94.1,15.4,7000,74.9,35.2,71,17.3,30.5,36.3,4.5,12.8,719.7,63.1
Fort Collins CO,6.1,5.7,21.4,28,170.7,10.2,16.3,66.7,4.7,11.4,9.1,18.5,78.9,38,9.4,-1.9,4,80.8,73.1,9.1,6.2,21.6,10.3,65.5,12.2,5600,72.3,35.9,42.7,15.1,10.1,55.6,5.9,7.7,234.7,36.5
Greeley CO,23.6,7.4,18.7,23.7,171.8,20.2,14.1,56.7,7.4,12.9,11.6,24.4,76.3,33.5,13.5,-11.9,5,78.4,69.8,8,13.1,26.2,9.1,73,19,7400,73.2,33.5,55.3,18.2,25.8,31.1,7.2,10.6,453.6,39.8
Lakewood CO,24,7.4,19.5,23.3,168.9,16.7,14,67.7,7,10.7,10.8,24.9,67,34.5,13.7,-0.8,3,79.2,66.5,9.4,8.6,24.2,10.4,88.1,15.2,6600,78.4,36.1,50.9,16.2,17.7,41.8,4.3,12.1,672.3,60.5
Longmont CO,22.4,7,20,32.1,175.4,18.8,17,67.3,6.6,10.8,11,24.2,77.6,31.9,10.1,3.2,3,80.3,77.6,8,9,18.2,7.5,71.9,13.6,6000,77.9,37,50.7,15,16.8,40.5,6.7,10.5,364.9,39.2
Loveland CO,20.5,6.2,19,35.7,179.4,11.8,15.5,68,6.5,10.6,11,24.9,76.9,30.7,10.3,-3.1,2,80.8,82.1,8.5,3.7,23.4,13.7,53.9,14,7100,74.5,36.2,33.7,15.7,10.9,37.6,5.1,9.8,339.4,29.6
Pueblo CO,29.3,5.7,14.3,22.3,181.5,33.1,19.1,57.5,11,13.5,16.1,31.6,51.1,37.4,26.9,-28.4,9,76,77.3,9.8,8.2,30,21.8,78.6,24.2,11600,71.1,27.6,56.7,19.1,40,32,10.3,11.3,1076.7,38.3
Thornton CO,26.9,8.6,20.2,19.8,150.8,11.1,15.9,64.1,6.3,11.6,10.5,22,70.1,32.2,5.9,9.5,2,78.7,77.6,8,11.2,26.2,12.6,90.8,18.3,6400,79.7,34.1,60.9,19.8,29.8,40.8,4.3,12.8,375.4,46.4
Westminster CO,24.4,8.1,20.7,20.8,140.1,11.9,12.9,68.7,6.1,10.6,9.7,22.5,69.8,30.4,8,9,2,80.3,72.9,8.7,9.9,24,10.6,84.9,15.4,5600,80.6,36.4,56.6,17.2,19.7,38.7,5.2,10.1,246,38.6
Washington DC,41.1,9.8,24.3,29.4,238.4,25.5,18.4,74.7,8.9,11,9,28.2,73.2,36.2,36.4,10.1,9,77,26.9,10,28.6,25.2,20.3,97.7,17.2,8400,69.3,29.8,73.5,17.3,25,73.2,8,5.2,999.1,77.3
Wilmington DE,19.5,10.4,15.1,23.8,305.9,40.4,24,52.7,13.9,14.5,14.2,37.6,90.6,40.5,39.9,-23,10,74.5,34.9,8.9,22.8,36.4,24,97.6,32.9,14100,84.9,31.3,67.5,23.8,16,27.5,9.4,7.9,1597.2,73.2
Boca Raton FL,7.3,6.6,18.5,27.4,233.1,7.8,18.1,77.5,9.5,10.1,11.1,28.9,94.9,39.1,7.2,15.7,2,82.2,68.5,8.4,7.2,20.5,17.8,50.2,23.3,7300,72.2,37.6,50.4,12.3,16.5,45.4,5.3,11.9,243.2,40.6
Boynton Beach FL,8.1,6.5,16,29.6,260.3,22.7,22.7,66.4,12.7,12.7,14.8,34.3,72.9,42,7.6,-11.4,4,79.9,71.6,8.4,14.1,26,16.7,64.3,32,10800,72.2,32.9,69.8,17.3,16.5,20.7,10.2,21.5,611.7,35.5
Cape Coral FL,19.6,7.3,18.3,22.5,168.2,17,12.7,63.3,10.9,12.3,13.6,31.4,83.3,35.1,3.1,-8.4,2,79.1,84.9,7.1,5.4,27.8,15.9,16.2,27.5,6500,74.2,35.1,48.7,17.1,13.9,37.9,8,18.2,138.2,17.3
Clearwater FL,23.3,7.7,18.2,31.7,244.4,26.3,23,59.9,11,13,14,33.1,77.7,40.9,12.5,-13.8,4,78.2,59.7,7.5,11.9,28.6,10.4,60.6,28.9,10900,78,34.6,55.6,20,39.9,23.7,7.2,19.3,517.2,43.4
Coral Springs FL,11.7,6.8,19.1,32.2,266.1,13.7,19.5,66.6,9.1,12.2,11.3,27.3,93.5,41.2,4.6,10.7,2,80.1,49.8,9.4,5.9,25.6,5.1,65.4,24.3,4600,80.3,31.8,79.5,15.6,7.6,34.4,7.5,16.6,195,38.3
Davie FL,10.6,7,19,25.4,185.7,12.2,16.3,66.2,9.2,12.1,11.4,27,96.1,38.3,5,2.9,2,80.7,71.4,9.5,5.5,24.7,8.3,46.4,24.8,5000,70.8,32.4,75.1,15.3,14.6,35.5,6.3,15,247.2,59.3
Deerfield Beach FL,11.4,6.7,15.6,11.9,151.7,27,11.2,59,12.9,13.4,14.9,36.6,90.5,42.8,8.4,-20.1,4,78.8,49.3,9.5,15.3,28,9.3,47.5,31,5700,70.8,29.9,76.5,18.4,14.6,18.3,8.3,25.7,412,47.4
Fort Lauderdale FL,19.5,6.8,17.2,29.5,268.1,33.5,20.4,61.2,11.9,13,13.4,34,54.2,44.8,16.3,-5.6,6,77.5,49.1,11.2,29.8,28.4,13.9,76.4,28,11200,59.8,32.1,73.9,17.9,47.2,22.8,8,20.4,612,59.3
Gainesville FL,21.6,8,19,30.3,233.5,27.2,29.4,56.8,7.4,15.2,11.4,21.6,76.2,42.2,10.7,-32.6,8,77.6,73.3,10.2,11.4,24.6,6.7,52.4,26,10900,75.3,34.9,72.3,16.5,9.2,29.5,7.8,12.1,740.2,34.1
Hialeah FL,20.2,7.4,13.3,21.8,224.4,34.8,18.7,50.9,16.5,13,17,33.9,84.1,54.9,14.7,-38.4,8,80.8,14.7,7,30.9,30.2,4.3,68.3,46.8,5400,80.2,18.4,20.7,15.4,15.6,24.2,7.2,31.5,200.7,69.4
Hollywood FL,12.2,7,16.7,23.5,232.5,19.5,19.9,60.4,11.9,13,13.8,32.5,89,44.3,16.6,-12.4,5,78.7,50.2,8.8,12.1,28,14.6,71.6,29.8,7500,68.2,30.1,76.4,17.1,18.6,26.2,7.6,21.8,300.4,55.2
Jacksonville FL,17.7,8.4,18.9,23.9,212,24.8,16.8,57.4,11,13.8,13.4,33.3,82.8,35.1,13.5,-11.1,5,76.2,75.4,9.9,17.5,31.3,18.1,34.8,28.2,9300,63.4,31.2,72.5,20.4,25.4,24.5,7.6,14.7,659.3,26.8
Lakeland FL,8,8,13.6,34.6,297.1,25.1,18.5,56.1,13.2,13.4,15.6,36.3,88.1,33.5,13.1,-19.9,5,77.2,72.9,8.2,13.9,35.6,9.7,37.5,32,12400,69.1,33.5,63.3,18.5,30.6,36.5,8.1,14.3,298.9,36
Largo FL,12,7.6,16.9,26.2,221.3,22.2,19.3,58.6,12.1,13.1,15.4,36.1,59.4,37.7,9.8,-21.3,3,77.3,66.3,8.1,9.5,28.3,7.9,30.8,31,9900,76.3,33.5,50.7,20.7,19.3,29,6.8,19.5,452.4,42.1
Lauderhill FL,30.2,6.9,13.7,27.5,229.7,37.2,15.9,50.1,15.4,15.6,16.1,39.9,8.9,54.7,9.3,-25.9,6,75.3,48.4,9.5,12.9,35.3,8.3,66.5,35.5,7000,70.8,24.7,50,21.7,14.6,11.2,10.9,20.9,942.5,44.3
Melbourne FL,10.8,7,16.8,24.2,249,20.1,19.2,57.7,12.6,13.5,14.9,32.9,85,36,9.2,-21.2,4,78.2,76.2,8,8.2,27.3,14.4,27.1,29.9,10300,82,31.3,53.2,20,18.1,28.1,6.5,17.4,849.1,29.8
Miami FL,22.5,7.2,14.8,47,394.3,36,28.7,53.3,14.6,13.1,15.5,32.5,76.8,54.8,21.6,-28.7,9,79.3,23.8,9.6,39.8,29.5,13.7,87.7,42.2,14300,78.5,19.4,55.3,16.6,65.4,23.3,8.1,27.8,771.6,79.2
Miami Beach FL,28.8,6.9,18.3,19.2,142.3,15.5,11.1,66.8,9.8,10.4,10.9,27,79.1,48.7,20.7,-9.8,7,81.6,34.5,8.6,8.7,23.8,4.7,95.2,30.5,3900,83.5,26.1,59,13.4,15.8,37.3,4.5,24.5,963.1,75.7
Miramar FL,10,7.2,17.8,19.4,142.6,13.2,15.2,63.5,10.3,11.9,10.9,28.6,78.5,45.7,5.6,3.4,2,80,63.6,9.5,8.8,29,8.3,50.3,26.1,4500,73.8,28.4,77.7,14.9,8,29.6,7.3,16.9,305.1,29.7
Palm Bay FL,17.1,6.9,16.8,24.9,191.3,22.1,14.9,55.1,13.1,14.3,15.3,33.5,83.5,33.4,3.5,-17.6,3,78.4,84.9,8,4.2,29.7,6.3,22.3,31.3,7800,86.1,30,64.2,21.7,23.3,25.6,7.8,17,526.4,12.7
Pembroke Pines FL,10.7,7.1,17.1,16.7,145.6,8.2,15.7,66.6,11.1,10.9,11.6,30.3,97.2,40.4,4.5,0.6,1,82.6,60.6,8.3,5,25.7,4,36.6,26.4,4000,77.5,29.4,79.7,13.1,6.7,38.5,6.3,13.4,194.8,31.6
Plantation FL,10.8,7,18.3,24.7,193.6,11.8,12.8,68.6,9.6,11.3,11,29.4,94.9,38.5,7.1,6.4,2,79.7,60.6,9.5,18.2,24.9,6.1,57.7,23.5,5200,70.8,33.3,80.5,14.2,14.6,33,5.9,15.2,254.2,59.3
Pompano Beach FL,13,6.7,15.6,29.7,225.7,33.7,19.2,56.5,13.1,14.1,15.3,36.7,66.5,46.1,11.9,-19.6,6,77.7,56.2,9.5,21.3,29.4,19.5,49.3,32.1,10600,70.8,30,73.8,19.5,14.6,15.7,10.1,26.5,903.7,47.4
Port St. Lucie FL,23.3,6.7,17.1,27.7,200.1,16,16.2,63.4,11.8,12.8,14.4,32.3,94.1,36.4,2.6,-9.6,2,80.1,84.8,7.4,4.7,30.6,7.1,19,31.4,6900,72.1,33,67.4,20.2,13.2,27.9,7.2,18.5,105.9,13.6
St. Petersburg FL,23.7,7.6,18.9,28.6,220.7,25.6,16.9,60.4,10.8,13,13.3,32.5,84.2,35.8,22.2,-11.9,7,76.8,61.2,9.5,23.1,29.4,6.6,74.8,27.8,9600,70.5,34,64.9,20.3,29.7,23.7,6.5,15.8,726.4,43.4
Sunrise FL,12.9,7,16.3,25.3,200.4,18.5,14,61,12.1,12.7,13.3,33.3,78.5,43.5,5.8,-10.3,3,80.6,57,9.5,11.4,28.1,8.3,42.1,29.5,5500,70.8,28.4,80.6,16.5,14.6,30.3,7.6,17.7,236.9,39.1
Tampa FL,18.8,8.3,17.9,31.3,303.9,28.7,24.7,55.5,11.9,13.9,13.8,30.6,82.9,39.4,17.5,-11.5,7,77.4,62.1,9.6,19.7,28.5,16.2,61.8,30.2,12100,89,29.2,79.9,19.4,38.3,26.8,8.1,14.6,493.8,50
West Palm Beach FL,7.9,6.5,17,40.6,293.4,29.5,23.8,65.4,12.3,12.9,14.1,31.9,76.5,44.5,14.3,-9.4,6,78.3,59.2,8.4,17.6,26.6,24.4,53.2,31.4,15000,72.2,31.7,77.9,17.1,16.5,17.4,8.6,20.8,863,41.6
Athens GA,20.6,10.7,16,29.7,203.1,39.8,11.1,59.2,8.7,15.3,11.4,28.4,82.9,42.6,10.9,-30.2,8,77.7,82.5,10.5,15.6,27.5,7,22.7,28.2,7600,75.8,31.4,70.8,20.3,9.9,30.7,7.6,16.2,429.6,26.4
Savannah GA,11,9.9,14.8,29.6,275.9,34.8,22.8,56.4,12.8,14.3,13.6,38.1,86.1,41.4,24.1,-24.9,8,76.2,71.7,11,13.7,33.7,8.4,52,31.5,12500,66.2,30,67.9,21.3,25.4,22.3,11.1,21.1,776.7,43.1
Warner Robins GA,11.1,11.2,14.8,23,218.1,31.2,20.4,58.6,11.6,14.4,13.6,36.2,87.5,31.1,8,-17.5,4,77.9,88.6,9.1,6.6,33.6,3.9,14.8,31,8600,81.5,31.9,66.7,22.6,22.5,37.1,7.8,18.6,525.5,22.5
Cedar Rapids IA,18.5,10,20.5,20.8,191,13.6,14.2,73.1,8.4,11.1,9.9,29.3,87.9,25.3,20.8,-5.9,5,79.6,75.9,7.5,8.9,32.2,9.5,67.6,22.2,7000,78.8,41.9,36.9,16.6,19.9,72.3,4.1,5.8,285.6,35.2
Davenport IA,22.5,10.5,21.5,31.6,177.4,24.5,13.3,67.9,10,11.9,11,29.2,82.8,30,29.1,-14.2,8,77.8,63.4,7.4,9.6,32.6,13.9,60.3,24.2,7800,80.5,37.4,51,19.7,23.6,61.1,4.2,7.7,733.1,42.1
Des Moines IA,11.8,9,19.8,25.5,215.1,27.5,18.8,65.7,9.7,12.6,11.7,28.1,78.5,31.8,32.4,-14.7,9,77,63.9,8.2,13.4,32.8,12.9,58.1,24.9,9200,76.4,36.8,61.8,22.1,36.6,60.1,6.5,9.2,684,45
Iowa City IA,17.6,10,24.1,23.2,170,16.1,16.8,70.6,5.4,12.2,7.8,19.3,93.6,38.3,16.5,-17.6,8,83,61.6,6.8,8.8,25.3,10.4,83.5,18.8,5900,82.5,41.3,51.3,15.4,6.9,73.3,4.6,7.6,215.5,43.1
Sioux City IA,13.8,8.8,19.4,26.5,158.6,19.5,17.4,64.2,10,12.6,12.2,29.2,87.4,24.7,35.4,-15.3,9,78.1,73.2,6.9,14.9,36.2,3.5,67.5,26.4,7300,81.1,36.6,53.9,19.6,21.4,65.5,5.3,10.3,435.5,40.4
Waterloo IA,24.3,9.3,20.9,33.4,203.1,23.4,13.7,66.4,11.2,12.1,11.7,33.1,81.6,28.5,30.4,-18.7,8,78.1,75.8,7.3,20,34.9,5.5,62.3,26.7,9000,81.6,43.2,51.2,19.7,16.3,51.5,6.9,9.2,498.9,35.4
Boise City ID,5.4,9.4,18.4,28.2,188.3,15.2,15.1,69,8,12.1,10.2,27.8,81.6,29.3,12.9,-7.1,4,80.1,69.3,6.8,6.3,24.8,9,73.4,17.9,6500,83,36.5,38.9,14.1,15.8,57.3,5,11,288.1,40.2
Meridian ID,5.8,10.1,19.6,30.4,197.6,12.2,13.2,70.8,7.3,11.8,9.7,26.6,81.6,26.8,2.9,1.2,1,81.6,73.6,6.5,5.8,25,7.3,34.7,17.1,5100,84.1,37.6,30.2,14.4,13.6,57.8,3.3,10.1,168.8,26.1
Nampa ID,14.6,10.1,15.2,33.9,238,24.2,20.3,58.1,9.4,14.3,13.1,28.6,79.3,31.2,9.5,-20.9,5,78.9,80.8,6.7,4.4,33.6,4,37.6,25.3,7300,75.3,29.1,47.6,19.1,29.7,46.6,7.1,16.5,300.4,29.6
Arlington Heights IL,9.1,12.2,22.9,19,160.2,2.9,11.8,74.1,7.8,9,9.5,29.4,96.2,28.5,15.1,20.9,2,81.3,56.2,8.3,17.1,24.4,9.7,90.3,18,4200,77.9,37.6,54.5,12.7,18.4,44.4,4.3,6.5,58.1,47.4
Aurora IL,11.1,12.3,20.1,14.2,169.7,19.5,17.4,62,9.3,12.3,12.3,26.4,82.9,34,20.6,5.6,6,79.8,65.4,7.2,21.1,34.4,7.4,85.3,26,5000,77.3,28.5,75.6,18.3,25.4,32.2,6.3,13.5,259.3,40.3
Bloomington IL,26.1,11.4,20.9,30,181.3,14.9,14.4,68.2,7.9,11.3,10.7,27.1,82.1,24.7,18.6,1.6,5,78.7,79.2,8.2,10.7,32,13.3,59.9,21.9,6700,86.3,34.7,51.7,16.6,11.8,37,4.4,5.4,437.7,35.2
Bolingbrook IL,4.5,12.6,19.8,34.2,179.5,11.9,15.2,63.9,8.8,10.7,10.6,27.4,83.6,36,6.5,15.2,2,80.1,78.9,7.3,7.8,34.7,5,80.1,24.1,5000,81.3,30.2,84,16.9,10.3,30.8,5.4,10.5,188.4,32.6
Champaign IL,1.4,11.4,21.5,25,153.1,23.2,14.5,61.2,6.5,13,9.6,22.5,84.9,35.6,17.4,-19.1,8,80.4,64.1,8.3,12.2,29,10.1,86.9,22,6000,77.9,34.4,71.1,17,12.3,33.4,5.2,6.9,748.8,49.7
Chicago IL,33.9,13.1,21.5,25.7,228.2,30.7,19.7,57.5,10.9,12.2,12.4,31.5,79.4,40.7,40.1,-8.9,9,77.3,19.2,9.5,44.6,33,15.2,97.5,26.4,8100,75.2,27.8,83,17.6,30.1,31.6,9.9,14.2,1095.7,77.8
Cicero IL,22.6,13.2,21.2,27.3,209.7,28.5,14.3,46.1,11,14.4,15,27.4,73.1,44.5,52.7,-17.8,10,77.9,15.7,8.9,6.1,36.1,9.9,98.1,34.4,6000,76.1,23.6,28.1,19.5,23.2,17.1,8.3,22.8,358.5,72.7
Decatur IL,30.2,11.5,17,24.7,203.2,35,24.6,56.8,12.3,13.8,15.4,37,72,27.4,31.2,-23.4,9,76.4,79.5,9.7,15.2,37.3,15,61.3,30.4,10300,77.8,29.8,51.7,21.8,33.5,15.2,10.4,8.2,598.1,32.2
Elgin IL,24.6,12,20.2,25.5,190.1,20.9,23.6,63.3,9.6,12.1,12.3,27.4,77.9,36.1,21.8,0.5,6,80.3,73.6,7.6,13.9,33.1,8.8,71.2,25.6,5700,72.5,30.8,70.4,18,35.4,16,7.2,14.4,200.1,41.4
Evanston IL,32.9,12.4,23.5,24.4,113,8.5,15.5,71.1,7.2,9.6,8.5,26.1,89.4,39.6,42.8,11.7,9,82,45.4,8.9,14.4,25.1,5.8,99.8,17.5,3600,76.1,35.3,75,12.3,23.2,43.5,5,6,161.6,74.8
Joliet IL,20,12.3,20.3,20.3,191,17.2,14.4,58.2,9.5,12.5,12.7,28.4,84.1,34.5,20.9,-0.9,5,78,74.1,7.7,16.6,37.6,7.8,80,27.9,5200,76.4,29.1,67.9,20.5,15.7,25.1,7.4,10.6,366.1,34.4
Naperville IL,10.3,12.5,21.3,19.6,144.2,5.3,12.9,75.2,6.9,8.6,8.7,25.5,97.3,26.9,6.9,37.1,1,81.7,80,6.9,7.2,27.2,6.8,90.2,16.9,3500,84.3,34.9,64.1,12.3,2.5,58.6,5.3,4.4,93.3,40.3
Palatine IL,17.9,12.2,24.3,14.6,187.7,16.2,13.9,69.9,7.3,10,9.6,26.3,91.7,31.9,11,14.5,3,81.9,70.2,8.3,13.5,25.8,8.2,75.9,19.1,4400,77.9,36.8,61.6,14.3,18.4,38.7,4.7,12.1,59.3,38
Peoria IL,27.1,11.6,18.6,23.3,219.7,28,15,59.3,10.8,13.1,13.7,32.5,70.1,30.5,28.4,-15.8,8,77.2,71.3,10.4,18.3,35.3,16.3,56.5,26.1,8500,74.1,32.1,66.8,20.1,44.5,35.3,10.6,8.3,747.5,38.9
Rockford IL,19.3,11,16.6,34.9,249.2,32.2,19.1,56.3,11.9,13.8,15.2,34.9,64.9,34.4,28.6,-22.7,9,76.5,65.6,9.4,15.1,36.3,34,62.9,30.3,11300,75.1,29.4,68.6,22.8,42.3,16.9,12.8,10,1558.2,41.9
Schaumburg IL,12.5,12.3,23.5,26.6,189.4,8.6,16.6,71.2,7.3,9.4,9,26.5,90.2,29.9,7.4,11.5,1,80.6,73.7,8,8.5,23.7,7.1,88.6,18.7,3800,79.1,35.7,70.4,13.7,15.6,67.3,4.7,6.4,106.2,40.9
Springfield IL,17.2,11.2,19.2,31,226.6,31.9,20.3,60.8,10.4,12.4,13.2,33.2,79.6,28.2,24.2,-11.7,8,77.8,72.5,11.2,18.7,35.6,19.1,44.3,25.4,9600,80,32.2,47.2,20.3,33.4,25,8.1,6.9,1044.2,33.9
Waukegan IL,32,11.4,16.3,21.7,182.3,26.9,9.4,50.9,11.5,13.8,14.7,31.5,75.4,40.1,26.9,-14.8,8,78.7,59,7.7,17.7,35.4,12,84.4,33.6,6300,79.6,25.9,78.1,21.1,13.6,15.8,9.7,21.1,409.5,49
Bloomington IN,19.1,10.1,20,41.7,191.8,29.6,19.2,57.8,5.8,15.5,9.6,19.6,95.6,44.4,12.8,-30.1,8,78.5,66.5,6.8,7.6,25.8,12,55.7,22.9,8700,82.8,31.1,46.6,19.3,7.2,76.3,7.7,10,533.1,41.1
Carmel IN,6.3,11.7,18.5,22.5,133.3,4.5,12.8,81.8,7.7,8.6,8,28.9,67.2,19.1,5,35.8,1,83,84.8,7,7.8,24.9,5.3,19.4,15.5,3800,87,40.7,41,11.9,6.5,91.1,3,3.9,19.6,16.4
Evansville IN,18.7,12.2,16.8,25.3,221.2,37.3,20.1,58.2,11.8,15.2,15.1,33.8,79.8,33.3,31.6,-26.8,9,76.5,64.3,10.4,15.8,36.2,13.2,37.3,31.1,11600,75.3,32.3,40.3,25.2,50.8,52.8,6.4,13.7,686.6,41.9
Fishers IN,17.5,11.4,21.4,19.3,155.6,2.9,11.2,80.8,6.1,9.4,7.4,24.2,96.2,18.8,2.6,30.8,1,80.5,81.3,7,2.3,25.8,5.3,24.4,14.7,3900,87,41.2,45.3,13.6,6.5,84.3,3.5,4.3,50.1,16.4
Fort Wayne IN,14.8,12.4,17.8,30.9,229.2,27.1,17.8,65.1,11.1,13.4,13.5,32.2,88.6,25.6,22,-16.7,7,77.4,76.8,9.2,18.8,34.8,5.2,47.8,25.7,9900,63.6,27.9,60.3,21.8,34.8,60.8,7,13.3,364.8,29.5
Gary IN,14.7,13.1,11.3,31.5,269.4,56.1,24.9,42.3,21.6,15.9,19.3,49.2,75.6,39.8,34.3,-40.7,10,72,80.7,8.3,25.6,49.1,11.3,65.5,40.2,15500,72.8,19.5,42.8,25.5,25.4,37.6,15.7,15.6,604.9,34.1
Hammond IN,21.3,13.1,16.3,29.3,195.6,33.5,17.4,50.8,13.1,14.7,15.8,34.5,83.3,30.9,41.1,-21.8,10,74.5,50.2,8.3,11.5,39.1,8.6,66.3,33.5,9700,72.8,25.1,74,23,25.4,59,9.5,16.9,620.3,48.6
Indianapolis IN,17.6,12,18.6,23.4,216.6,30.1,17.1,57.6,11.9,14.1,13.1,29.9,80.5,34.3,22.5,-17.1,8,75.7,70.3,9.1,21.3,32.9,11.2,34.8,27.1,9800,68.6,29.9,69.6,24.1,35.3,56.5,8.1,14.1,1372,29.8
Lafayette IN,11,10.7,16.5,24.5,211,27.3,19.5,58.8,9.4,14.4,12.9,28.8,85.4,31.9,23.3,-21,8,77.9,75.5,7,8.6,32.2,12.7,39.2,26.4,9700,77.2,30,45.6,21.9,15.5,71.8,6.6,15.1,510.9,35.4
Muncie IN,12.2,11.3,16.2,17.4,278.5,35.8,19.3,55.8,10.5,16.9,13.9,31,94,35.9,29.6,-35.5,10,76.3,81.2,9.7,18.4,35,25.7,47.3,28.9,12500,79.8,30.7,36.2,24,16,55.9,9.5,12.8,353.5,36.2
South Bend IN,23.1,12.5,17,25.9,222.1,37.3,23.2,55.1,13.2,15.1,15.7,36.2,88.3,29.6,34.4,-27.7,9,76.4,71.8,8.9,17.1,38.6,15.9,65.5,32.4,10600,65.8,29.5,65.8,25,52.4,40.8,9,15.6,1053.1,43.1
Olathe KS,4.6,9.5,19.9,23.4,170.2,8.1,13.2,74,6.8,9.7,8,24.6,92.5,23,6.6,16,1,79.6,79.9,6.6,9,26.2,6.4,68.4,16.9,4500,91.1,35.8,51.2,15.6,12.1,55.3,3.8,9.1,192,28
Overland Park KS,5.1,9.6,18.3,23.1,122.1,5.9,8.9,78,7.2,8.4,7.5,26.7,91.7,24.7,9,16.9,1,81.4,73.6,6.4,9.2,24.1,6.3,72.8,15.4,4300,91.4,38,48.1,12.5,7.2,62.8,3.7,6.5,217.1,35.2
Topeka KS,29.6,9.4,14.1,28.6,223.3,21.7,16.6,62.6,11.3,12.6,12.2,35.2,76.4,29.1,25.5,-17.7,7,77.8,75.9,6.8,11.9,36.6,9.4,69.9,26.1,9900,78.9,35.1,55.6,19.9,38.2,25.2,6,12.8,609.5,34.5
Wichita KS,23.6,9.5,14.8,21.6,205.2,23.7,18.7,62.8,10.3,12.2,11.8,31.8,77.6,28.1,22.1,-13.3,7,77.5,76.2,8.1,16.6,31.3,6.4,51.5,26.9,8800,84.3,29.9,66.4,22.3,37.6,28.6,6.2,15,1030.3,35
Lexington KY,17.3,10.7,18.4,21.7,169.3,22.9,13.5,65,9.6,13.3,13,32.6,88.4,30.2,13.8,-9.2,5,78,71.4,8.5,15.3,32.4,27.4,51.7,24.8,7700,79.6,39.7,58.1,20.5,19.3,54.6,6.1,9.6,363,34.2
Louisville KY,31.3,12.1,18.1,24.4,181.9,24.4,17.2,62.8,11.5,14.3,14.3,39.7,89.7,29.3,24.2,-12.4,7,76.6,63.7,9.3,22.3,34.2,17.4,37.7,26.3,9600,80.8,39.8,58,23.2,28.4,42,6.9,8.6,724,51
Baton Rouge LA,22.8,9.7,16.8,36.5,367,34.6,26.4,55.3,12.5,14,12.8,36.9,71.5,36.9,15.5,-21.5,7,74.5,71.4,12,27.2,33.8,7.8,53.7,29.3,15800,58,28,64.2,19.9,38.4,38,8.9,14.6,1021,40.6
Kenner LA,53.3,8.5,17.7,21.9,178.3,28.1,15,58.2,12.1,13.2,13.1,36,62.9,33.5,9.9,-10.1,4,78.1,60.3,9.4,15.2,33.5,15.9,34.7,27.3,7400,75.6,29.8,76.2,19.7,28.8,45.5,5,19.8,288.3,44.3
Lafayette LA,16.8,9.2,18.4,26.7,284.4,26.1,20.8,58.5,10.7,13.7,12.9,35.4,81.5,30.4,12.4,-12.1,5,78.5,69.8,10.1,21,32.6,2.9,34.2,26.7,8400,86,29.5,58.2,21.7,27.8,42.5,5.2,14.8,573.1,41.6
New Orleans LA,21.4,8.6,19.5,27.2,226.4,38.3,16.5,56.4,13,13.3,12.7,38,88.2,44.2,33.8,-23.1,9,75.9,49.5,11.9,33.1,33.8,7.5,79.1,26.8,10300,76.9,26.8,62.8,20.6,26.1,48.7,8.7,14.1,1163.9,57.6
Shreveport LA,11.3,9.9,14.8,29.4,243.4,38.3,19.5,49.6,14.1,14.2,14.7,42.8,81.2,35.7,17.7,-25.7,8,75,82,14.4,28.2,42.6,3.1,30.1,31.4,11700,67.7,27.9,59.6,23.2,38.6,35,7.3,14.7,931.7,31.7
Boston MA,29.2,7.4,22.8,18.2,141,29.7,13.3,66.6,8.4,13.9,10.5,25.1,71.2,43.1,42.1,-2.5,10,79.9,18.8,8.7,25.8,22.9,21.7,99.5,19.9,6000,84.7,27.6,84.3,16.4,9.5,29.7,7.3,4.2,694.2,87
Brockton MA,20.8,6.9,17.2,20.3,193.7,24.4,14.5,57.6,12.6,16.6,15.5,36,85.8,44.1,35.7,-13.2,9,78.1,52.7,6.8,5.8,32,39.6,68.1,29.8,9200,84.4,26,80.7,24.8,8.7,24.4,9.7,4.3,967.2,49.7
Cambridge MA,20.7,7.5,20.6,16.4,116.4,13.6,12,72.2,5.4,10.9,7.2,20.4,92.5,36.6,40.2,16.7,9,82,24.8,6.5,6.4,20.5,14.7,98,15.1,3900,85.7,33.5,72,12,1,53.8,5.2,2.6,287.8,87
Fall River MA,32.9,6.6,16.4,17.6,180.6,31,12.3,58.6,11.2,18.2,16.5,34.3,84.4,40.7,46.6,-28.5,10,76.7,47,7.9,7.7,30.6,51.5,73.3,30.6,10400,78.7,27.2,50,27.2,13.5,36.3,10.2,5.9,989.9,65.3
Lawrence MA,22.7,7.5,15.3,10.1,146.3,30.6,14.1,54.6,13.7,16.8,16.4,28.4,78.9,52.1,44.2,-25.8,10,79.4,55.6,7.8,10.7,32,39.8,91.6,33.2,7700,82.1,19.1,42.5,20.9,12.6,32.9,10.8,7.8,737.4,71.7
Lowell MA,13.2,7.8,16.4,19.9,173.3,30.5,18.3,57.1,9.7,15,12.9,28.3,79,45,40.2,-18,10,77.7,50.6,8.5,8.5,26.2,45.2,91.2,26.7,8700,78,27.2,79.8,20.1,18.9,43.8,8.4,5.8,293.1,63.7
Lynn MA,16.3,7.3,16.6,25,179.8,27.2,17.2,63.1,11.7,15.2,14.2,29.5,78.4,44.5,49,-12,10,78.4,43.1,7.8,8.8,28.3,45.9,96.5,26.9,8100,82.1,24.3,81.2,20.7,12.6,30.7,6.3,6.1,723.3,67.6
New Bedford MA,22.3,6.3,15.9,21.3,181.9,34.8,13.8,57.6,11.8,18.3,16.9,34.5,80.5,40.9,44.8,-24.6,10,77.2,50.9,7.9,11.6,31.6,46.8,76.6,31.3,9600,78.7,26.8,65.9,26.6,13.5,38.7,9.1,6,666.4,65.5
Newton MA,8.4,7.5,18.2,12.8,107.9,3.9,9.7,79,6.9,9.2,7.9,26.4,98.5,30.7,45.1,44,8,85.1,53.1,6.9,2,20,11.9,84.7,14.5,3000,87.3,36.2,54.9,9.8,5.1,59.2,3.7,2,55.5,52.8
Quincy MA,15.2,7.1,17.4,24.4,168.2,11.6,13.8,70.3,8.6,11.8,10.4,29.4,91.4,39.1,35.5,2.7,8,79.3,47.5,7.2,6.4,24.1,38,94.3,20.4,6600,90.1,29.4,62.7,15.9,3,59.6,5.8,4,410.3,59
Somerville MA,18.9,7.5,21.5,16.4,161.5,19.7,13.1,69.9,5.7,11.9,8.4,21.2,83,33.9,49.7,16.2,9,80.3,13.9,6.9,7,22.3,21,99.9,16.7,5200,87.3,32.1,61.7,14.4,5.1,40,4.6,4,240.2,86.3
Springfield MA,24.2,7.8,16.3,23.2,186.9,42.3,16.8,58.7,13.3,17.1,16.5,31.7,75.4,46.2,40.9,-30.1,10,76.9,51.3,9.4,12.1,36.2,23,92.9,34.5,8700,78,26.1,75.7,23.5,34,30.9,11.1,5.1,877.3,58.6
Worcester MA,10.1,7.3,18.3,22.1,161.3,31.2,12.3,61.3,9.8,14.6,12.9,30.1,84.4,42.3,42,-17.9,10,78.7,52.5,8.5,9.7,28.5,32.8,74.4,26.4,8300,81,29.5,74,21.1,16.1,29.9,7.5,3.7,732.3,55.8
Ann Arbor MI,9.5,10.7,23,19.3,131.4,10.8,8.9,75.5,5.7,12.3,7.9,19.1,90.2,36.3,22.7,-0.1,8,81.9,68.3,6.7,7.9,23.4,12,91.5,15.7,4200,85.2,39.9,62.4,13.2,1.7,61.7,5.3,3.8,219.3,50.6
Dearborn MI,10.4,11,21,15.9,219.6,40.9,13.8,64.7,9.8,16.5,15.8,32.6,93.3,35.2,39.3,-14.2,10,79.7,33.1,10.8,10.2,33.2,13.8,63.4,25.8,6000,76.2,31.1,33.5,25.3,26,39.7,8.4,9.7,268,58.4
Detroit MI,45.1,11,14.8,27.2,327.4,54.5,17.6,50.7,17.7,18,19.3,46.6,74.4,43,44.3,-42.2,10,72.4,48.3,14.1,40.9,47,20.6,81.3,35.7,12700,76.2,21.2,47.4,28.3,38.3,19.2,19.8,13.8,2018.6,81.6
Farmington Hills MI,12.9,10.8,17.9,27.3,202.8,8.6,10.4,79.5,8.9,10.2,10.7,32,89.6,29.2,12.9,12.9,2,80,74.8,8.4,7.3,24.3,3.6,17.1,18.8,4700,88.4,33.9,65.2,14.9,9.3,49,3.8,5.5,114.6,24.3
Flint MI,28.2,10,15.2,27.6,329.4,60,18.9,50.8,16.6,18.4,19.9,41,75.9,42.7,36.6,-45.9,10,72.7,72.4,14.1,27.6,45,18.3,82.6,35.3,13800,73.8,21.5,61.9,29.7,58.7,18.2,22.2,10.2,1899.6,43.1
Grand Rapids MI,50,10.9,20.7,26.2,257.4,30.6,15.2,64.9,9.7,14,13.5,30.1,62.4,34.3,38,-20.1,10,78.7,60,8.8,22.2,33.9,12.7,72.6,24.1,8300,73.3,34.6,69.1,20.6,32.6,27,7.4,11.3,726.2,55.4
Kalamazoo MI,35.5,11.4,20.6,19.8,212.9,35.6,14.9,61.2,9,16,13.4,26.4,69,37.1,32.4,-24.8,10,76.9,65.2,7.6,12.6,37.4,23.7,60.3,23.1,9700,70.2,31.5,65.9,20.5,20.2,33.5,8.8,10.2,1203.1,45.5
Lansing MI,52.9,10.4,20.1,24.3,238,41,20.2,65.8,11.1,15.4,14.9,31.1,70.2,36.5,31.1,-27.8,9,77.5,75.4,9.3,10.2,38.1,31.5,77.5,25.9,10300,68.9,32.2,72.4,23.4,45.2,26.4,10.4,10.5,1151,44.7
Livonia MI,15.5,10.9,22.4,23.9,208.5,6.3,14.1,78.3,8.4,11.3,11.5,32.3,92,20.2,22.1,8.7,3,79.2,66,10.8,8.1,28,12.4,77.5,18.8,5000,76.2,36.9,30.4,17.1,26,50,4.7,4.5,113.9,34.3
Rochester Hills MI,7.2,10.6,19.6,15.5,160.4,4.5,17,81.4,7.8,10,10,29.2,95.8,23,10,20.7,1,81.7,80.5,8.4,6.1,22.5,3.6,16.9,17.3,3700,88.4,35.5,50.5,14.6,9.3,70.1,3.9,4.9,53.4,18.3
Southfield MI,27.4,10.9,14.8,31.6,266.1,17.5,16.9,72,13.3,11.8,13.2,41.7,93.1,40.3,16.6,-11.6,4,77.1,68.6,8.4,7.2,33.1,3.6,38.7,24.4,8000,88.4,28,52.7,17.7,9.3,32.7,8.5,8.8,206.7,36.8
Sterling Heights MI,12.5,10.9,19.9,25.4,205,18.6,14.9,69.6,10.3,13.5,13.9,32.9,87.6,27.9,9.2,-1.7,3,79.7,63.7,8.3,7.1,30.9,11,27.6,23.4,6000,82.7,30.4,43.3,22.3,7.3,47.5,5.3,9.6,186.1,32.3
Troy MI,3.9,10.8,18.4,15.7,196.9,5,11.8,80.8,8.3,9.7,10,29.7,90.3,20.9,10.5,22.6,1,81.5,74.8,8.4,5.8,21.7,3.6,13.3,17.8,3500,88.4,35.2,56.5,14.2,9.3,69.9,4.6,5.3,66.3,28.3
Warren MI,20.1,11,18.6,23.7,240.1,31.4,15.1,63.5,11.6,15.3,16,35.6,82.1,32.8,21.2,-18.1,7,75.6,57.5,10.4,10.1,34,29.9,45.6,27.4,9200,77.1,28.7,58.7,25.7,21.5,31.1,9.4,10.1,504.2,43.3
Westland MI,20,10.9,21.6,29.4,298.7,21,15,69.1,9.6,14.4,13.9,33.6,88,32.1,20,-15.6,6,75.4,44.6,10.8,11,32.8,28,40.2,23.9,10100,76.2,32.6,54.6,22.9,26,31.4,6.8,8.9,313.8,37.2
Wyoming MI,36,11.1,22.2,21.3,212.1,22.1,11.4,66.3,8.9,14,13.5,28.4,82.9,29,23.4,-13.1,6,79.3,61.2,7.9,11.8,33.2,10.5,55.1,23.7,6700,78.8,34.9,64.2,21.9,21.7,40.7,5.4,10.8,476.6,55.4
Bloomington MN,8.8,7.8,21.8,23.9,123.6,9.7,11.3,76.3,7.6,8.7,8.7,27.8,74.9,26.1,18.2,7.7,3,81.6,78.8,7.3,8.4,22.8,7.3,85.3,16.4,5000,80.1,40.6,59.2,14.3,14,56.4,3.9,7.7,164.6,28.2
Brooklyn Park MN,12.3,7.5,22.1,25.6,147.1,15.8,18.2,70.2,7.4,10.2,9,25.3,76.8,32.9,9.2,2.9,2,79.1,79.5,7.3,6.7,25.3,9.4,88.5,18.4,5800,80.1,37.4,81.6,17.5,14,45.6,5.1,10.1,356.5,24.3
Duluth MN,27.4,6.8,22.7,17.2,153.3,18.9,10.1,68,8,11.6,11.3,24.9,75.4,31.8,40.3,-15.8,9,79,75.1,7,9,29.7,15.6,68.1,19.7,7900,87.3,38.2,29.9,19.7,13.5,56.6,4.7,5.2,323.8,33.7
Minneapolis MN,19,8,23.9,18.9,141.9,28.1,14.8,68.8,6.7,10.9,8.8,22.7,54,35.6,40.2,-6.6,9,78.6,42.4,7.9,17.5,25.3,15.1,96.5,17.6,7100,74.9,36.6,73.3,17.3,19.7,39.4,6,9.2,1140.2,69.2
Plymouth MN,16.9,7.5,24,15.9,84.4,7.9,7.5,80.6,6.1,7.9,7.2,23.6,90.8,25.2,6.7,25.3,1,83.6,83.4,7.3,6.5,21.4,9.1,78.9,13,3400,80.1,43.1,50.2,12.3,14,76.7,3.1,4,83.9,18.4
Rochester MN,35.6,7.8,20.5,18.1,155.5,13,11.4,73.7,7.6,9.7,9,23,84.8,23.9,14.1,5.3,3,81.5,78,5.9,8.9,26.7,7.1,72.1,16.9,5100,78.1,41.9,49.2,15.6,13.7,56.5,4.8,5.7,201.1,30
St. Paul MN,19.2,8.3,20.1,24.3,165.6,29.1,15.2,68.1,8.2,11.3,10.2,23.5,70.1,35.4,39.8,-8.9,9,78.3,47.1,7.4,16.2,29.7,6.2,97.7,19.3,7200,72.2,33.7,81.2,17.6,25.4,32.7,6.7,9.1,671.7,58.9
Columbia MO,13.4,9.7,20.2,19.9,179.8,15.9,15,65.7,6.9,14.2,10.6,23.4,91.2,34.6,10.3,-14.7,5,79.5,78.6,8.1,5.6,28.1,4.6,57.4,21.4,6100,86.2,41.3,52.8,18.2,9.1,58,4.3,7.5,520.6,30
Independence MO,24.2,9.2,19.1,21.5,214.2,26.6,18.5,59.5,11.2,14.8,15.4,34.5,92,29.3,22.2,-16.7,7,76.3,76.7,7.9,7,31.2,12.6,44.3,25.2,9200,66.8,36.5,48.9,24.5,44.7,58.1,6.2,15,551.1,34.2
Kansas City MO,17.4,9.5,18.5,26.9,195.7,25.5,15,59.2,11.4,14,13.8,33.4,84.7,31.9,26.4,-12.9,8,76.9,73.6,9.2,25.2,33,9.3,68.3,24.9,8900,67.8,34.6,66.7,22.3,31.9,55.2,5.9,15.1,1772.5,34.2
Lee's Summit MO,9,9.3,21.8,20.4,165.4,7,14.1,71.6,8.1,11.5,10.8,28.9,94.7,24.7,6.1,14.9,1,79.9,84.7,8.2,5.6,27.5,4.9,34.8,17.4,4900,73.1,41.4,39.9,17.9,26.5,77.4,3.2,5.2,141.1,34.2
O'Fallon MO,10.4,10.9,21.6,21.5,168.2,5.3,10.2,66.7,7.4,12,10.5,27,91.4,20.5,3.8,17.5,1,80.7,86.9,7.1,5.5,31.4,12.1,15,19.9,4600,87.2,43.2,33.4,19.2,10.4,71.9,3.4,5.5,188.1,25.4
Springfield MO,28.8,9.7,16.1,25.4,227,29.7,18.4,51.7,10.1,15.7,14.9,30.4,88.2,35,19.6,-29.9,8,77.6,72.9,8.1,8.4,32.4,17.8,45.5,27.6,10600,70.1,31.7,34.8,24.5,27.1,51.9,6.3,17,1367.3,38.4
St. Joseph MO,17.7,9.9,18.6,23.4,214.7,28.5,13.8,51.6,10.9,15,16,33.9,93.7,26,33.3,-19.3,9,75.9,74.5,8.5,9.1,40.9,5.7,59.3,30.1,8800,76.4,35.4,40.2,26.7,37.3,61.1,5.8,12.9,569.6,32.5
Gulfport MS,14.5,9.5,12.6,33.8,355.8,36.9,24.8,55.1,12.6,15,14.6,40.8,89.5,40.6,11,-28.7,6,74.2,87.8,9.8,12.7,39.1,5.3,30.8,30.2,11900,82.2,31.5,62.1,24,33.9,44,10.9,22.3,419.6,31
Billings MT,17.5,5.9,20.4,25.7,190.5,11.8,14.4,66.4,8.8,11.6,11.7,28.8,83.6,29.3,17.4,-7.2,4,78.4,77.5,8.1,7.3,29.5,6.2,71.7,21.3,8300,79.5,40,33.5,18.7,31.7,36.2,3.4,12.7,503.3,35
Missoula MT,17.1,7.9,24.4,28.8,191.6,18.5,18.8,63.6,6.4,11.8,10.4,20.9,88.3,38.5,19.2,-19.4,7,78.9,68.4,7.1,5.7,24.5,5,75.2,16.8,7400,79.7,37.1,28,18.5,13.8,58.6,6.2,10.1,502,45.5
Fargo ND,16.5,6.6,24.9,17,158.4,13.4,14,72.4,6.6,9.9,8,24.1,87.8,30,13.3,-10.3,4,80.8,71.1,6.5,9.5,32,10.1,81.8,17.7,6500,85.3,38.8,36.6,16.6,14.9,48.3,3.2,8.5,428.6,44
Omaha NE,22,9.2,21.7,26.2,177.6,21.4,16.6,67,8.9,11.1,10.8,29.4,83.7,31.5,24.3,-7.1,7,78.2,64.1,8,24.5,33.2,5.6,79.8,24.5,7800,74.1,38.1,61.5,19.6,27.5,58.1,4.8,12.5,656.6,45.1
Manchester NH,27.4,7.7,17.9,20.1,184,21.4,12.5,64,9,13.4,12.8,28.5,74.9,40,32.1,-7.8,8,77.6,77.4,7.2,8.9,29.5,56.5,61.2,24.6,8900,80.2,35,47.6,20.8,25.4,30.5,5.5,12.8,675.9,48.4
Nashua NH,24.9,7.8,17.6,11.9,147.8,15.7,12.6,67.9,8.9,12.1,11.9,28.3,86.8,34.4,21.4,3.7,5,79.7,78.5,7,9.2,28.2,34.7,53.3,22.8,6900,84.8,36.8,55.5,18.2,12.8,46.9,5.5,9.5,171.9,37
Albuquerque NM,21.7,6.5,15.4,23.5,201.2,25.5,16.9,65.9,9.3,12.6,12.9,26.5,67.6,34.3,12.2,-13.3,5,78.5,63.1,9.1,12.9,27.7,23.1,86.4,18.7,8900,76.1,35.6,66.2,15.9,29.9,23.5,6.5,12.1,1380.2,42.7
Rio Rancho NM,19.8,6.4,16.8,24.4,172.7,16.3,17.4,67,8.8,11.8,12.1,25.7,79.6,31,2.9,-3.1,2,80.2,85.9,9.3,3.4,25.4,14.4,58.5,16.1,6300,76.4,30,66.3,16,22.8,32.9,7.2,8.5,179.6,42.7
Santa Fe NM,29.5,5.7,14.7,23.6,169.4,22.8,17,68.7,10,11,12.4,27,70.4,33.6,13.4,-5.3,5,80.2,73.2,10.4,15.5,18.8,35.4,64,16.3,7900,77.1,29.1,56.8,13.4,25.2,32.1,5.6,18.7,348.5,40
Henderson NV,17.8,7.8,17.2,26.5,180.9,12.2,14.4,67.3,10,12.6,12.1,26.2,86.9,32,2.9,4.9,1,78.8,67.7,7.7,6.3,23.8,14,51.7,20.8,6100,83.6,33.9,68.5,16.8,14.1,67.8,7.2,10.5,199.4,48.8
Las Vegas NV,21.3,7.1,16.1,43.9,385.7,23.7,36.2,58.1,11.7,14.7,14.4,27.4,82,37.4,5.5,-8.7,3,77.4,57.2,8.6,12.6,27.3,30.4,73.9,26.3,15700,72.2,30.3,80.5,19.5,65.6,40.9,8.8,18.1,1642.1,48.8
North Las Vegas NV,24.7,7.3,16.5,24,204.3,22,22.8,54.2,11.3,15.8,14.4,25.7,68.6,37,3.8,-8.4,3,76.6,63.5,9.2,10.1,29,9.3,62.8,27.8,6700,73.2,27.3,85,21.1,30.7,53.6,8.9,17.7,1068,35.7
Reno NV,23.1,7.7,19.4,31.1,281.9,19.8,20.3,62.4,9,14.8,13.6,27,79.3,35.7,10.3,-9.3,4,77.9,73.1,7.8,12.5,25.7,18.2,74.7,22.1,9300,70.3,30.6,63.5,18.3,32.3,44.2,6.7,14.3,706,37.6
Sparks NV,22.1,7.8,19.5,35.5,266.9,14.9,17.8,63.1,9.2,14.6,13.9,27.7,81.9,34.2,7.2,-5.1,2,77.5,63.7,7.9,7.7,26,15.9,72.5,22.5,8100,70.3,29.9,65.9,18.6,26.7,45.9,7.2,13.7,500.4,40.7
Albany NY,28.6,8.7,18.5,24.2,221.2,30.5,14.8,63.7,9.4,13.4,11.6,28.9,66.2,41.5,45,-20.3,10,78.1,68.1,8,14.4,31,11.5,56.3,24.6,8100,81,34.4,78.8,19.5,9.7,23.2,7.1,8,890,64.9
Buffalo NY,43.3,10.2,18.5,29.9,258.6,47.2,17.2,58,13.3,15.5,15.8,36.1,69.9,38.2,53.2,-32.3,10,74.8,44.3,10.6,29.2,36.4,31.2,90.4,32.2,11500,73.5,28.8,77.2,24,40.3,21.3,8.8,7.1,1008.2,67.8
New York NY,18.7,9.8,18.9,22.4,226.2,27.8,15,63.2,11.3,12.3,12.2,28.4,75.8,46.1,39.6,-4.1,9,80.6,4.6,8.1,34.3,24.8,8.7,98.7,28,5200,77.5,27.7,89,16.3,16.3,44.8,7.8,11.1,548.7,89.2
Rochester NY,41.8,8.6,16.7,30.2,307.6,51.9,21,57.2,12,16.4,15.5,31.4,57.5,45.9,46.5,-34.6,10,76.7,51.4,10.8,21.7,38.9,20.1,78.1,31.8,11000,76.9,31.1,77.6,24.2,40.7,14.1,12,8.2,890.2,64.6
Schenectady NY,60.3,8.7,18.9,23.1,249,36.7,9.9,58.8,11,15.5,15,31.2,59,38.8,48.8,-23,10,77.2,53.4,8.6,8.9,31.8,15.2,56.8,28.6,10000,82.3,30.9,79.3,23.7,20.1,24.5,9.3,8.9,880.2,63.7
Syracuse NY,29.4,8,18.4,26.5,267.2,46.8,15.8,55,12,15.9,14.8,28.8,62.7,39.7,43.6,-31.4,10,76.9,45,9.9,17,35.8,34.7,75.9,30.4,11100,73.3,31.5,78.1,23.9,23.3,17,10.5,8.1,699,60.8
Akron OH,27.3,11.6,15.4,27.4,243.1,35.9,25.1,54.3,12.7,15.6,15.2,36.5,69.9,35.4,37.6,-29.2,10,75,69,11.2,21.7,35.7,49.7,72.9,32.4,12200,69.2,26.3,59.2,26.2,36.7,23.3,9.5,11.8,693.7,45.2
Canton OH,23.8,11.6,15.7,30,262.9,49,17.9,57.5,14.2,16.9,17,36.8,77.6,35.6,42.5,-38.5,10,75.8,68.7,8.3,13.2,40.1,42,75.3,35.6,13400,72.7,28.1,46.5,27.9,24.2,20.9,11.8,10.3,1158.5,47.4
Cincinnati OH,23.1,12.1,16.9,33.1,250.9,42.8,18.5,58.5,12.8,15,13.7,34.1,73.9,38.6,39.2,-27.6,10,75.3,68.5,10.7,24.4,36.3,47.9,76.7,29.5,12400,69.4,29,62.7,22.7,46.8,22.6,10.4,10.5,950.6,50.4
Cleveland OH,35.7,11.8,13.8,30.8,288,51.6,19.8,51.4,16.2,16.5,17.5,40.7,68.5,40.6,48,-41.7,10,73.1,46.6,13.7,33,39.2,42.2,81.5,36.2,12900,63.6,25,71.3,29.3,47,22.8,16,11.9,1541.5,59.5
Columbus OH,29.4,11.6,19,26.1,209.1,31.1,16.3,63.8,9.6,14.6,12,29.7,56.8,34,18.3,-14.5,7,77,69,10,20,32,19.3,58.6,25.8,8600,67.3,32.3,66.5,22.7,28.5,21.4,6.3,11.5,535,40.7
Dayton OH,48.1,11.8,14.1,33.7,330.3,49.4,23,51.3,15.2,17.1,17,40.8,80.9,38.2,41.8,-38.6,10,72,77.2,10.6,32.2,42.3,77.2,75.4,35.9,16800,70.1,27.4,61,28,42.3,23.2,12.9,12.8,872.9,46.5
Parma OH,22.7,11.8,18.5,28.5,205.5,13.5,15.4,70.1,9.7,12.3,12.4,32.5,83.6,26.1,30,-11.2,6,78.2,65.1,10.7,8.3,27.4,28.8,52.3,24.8,7100,72.1,35.8,32.6,22.5,24.3,15.1,6.4,7.9,176.1,39.2
Youngstown OH,48.3,11,12.5,28.8,261,58,23.4,49.2,18,16.8,18.9,43.3,72.7,35.6,44.3,-45.6,10,72.7,76.2,9.4,15.5,41,35.2,59.8,42,13700,74.9,22.9,70.3,29.5,25.3,25.7,15.4,11.3,686,36.7
Broken Arrow OK,14.3,9.9,14.9,22.4,277.2,11.6,18.8,67.2,8.6,12.4,11.7,31.5,88,22.3,5.5,4.9,1,78.4,81.5,7.9,6,27.5,9.3,24.2,24,6600,72,40.7,58.9,17,29.9,75.6,4.9,11.4,128.7,39.5
Edmond OK,13.1,9.3,14.6,33.4,261.4,11.9,20.3,71,7.5,11.6,10.2,27.2,93.4,26.2,6.1,13.6,2,80.4,70.7,8.7,5.4,26.6,6,33.7,20.8,7800,71.9,43.6,54.5,14,40.5,83.8,3.5,8.7,174.3,28.2
Norman OK,9.4,9.6,14.7,26.6,240.9,19,15,65.8,8,14.9,11.6,29,78.6,30.8,10.1,-9.9,4,78,72.9,6.8,5,30,12.2,50.7,24.2,7000,78.1,36.6,58.5,16.6,13.4,80.9,5.3,11.2,294.2,29.7
Oklahoma City OK,19.8,9.6,12.8,24.3,228.7,25.8,15,59.1,10.7,14.5,14,32.6,71.3,29.1,16.4,-8.4,6,76,73.4,9.2,19,32.7,9.8,37.5,29.5,8400,70.5,36.6,75.8,19,41,84.3,5.2,18,823.2,33.1
Tulsa OK,16.9,9.9,12.8,24.2,299.2,31,17.9,58.5,10.9,14.3,14.4,35.4,78.8,31.6,20,-15.6,7,75.8,73.3,8.7,16.3,30.3,14.9,59.6,30.2,10400,67.4,37.2,76.3,19.3,44.4,75.5,6.7,19.8,1053.7,39.5
Beaverton OR,18.8,8.4,19,26.3,219.5,17.8,19.1,68.8,7.3,11.7,10.1,24.5,82.3,36.1,7.3,2.2,3,81.6,52.9,6.3,7.2,28.5,10.5,91.4,14.7,7100,82.9,32.4,62.5,14.7,13.1,57.2,6.5,11.3,181.3,48.5
Bend OR,27.2,7.1,21,17.2,136.6,12.5,13.3,68.4,7.5,11.9,10.5,24.5,83.1,37.7,7,-1.8,2,81.3,74.2,6.5,5.2,26,7,64.5,14.1,5300,85.7,29.7,31.8,15.2,15.7,64.3,4.9,13.6,182.4,33
Eugene OR,25.2,7.9,18.8,22.1,150.4,17.7,16,70.7,7.8,13.5,11.5,24,71.7,44,15.3,-16.8,7,79.7,58.8,6.5,6.2,25.6,13.1,87.8,16.3,6600,78.5,31.4,45.9,16.9,11.9,53.1,7.4,10.1,402.7,44.7
Gresham OR,27.8,7.6,19,17.1,139.1,29,12,64.6,9.1,14.2,12.7,27.1,72.8,43.3,9.6,-13.4,4,77.9,55.7,6.5,6.2,25.2,7.4,73.1,18.1,4900,76.2,29.9,65.1,20.4,16.1,33.8,8,12.2,350.8,43.5
Hillsboro OR,16.4,8,20.3,21.6,154.6,16,12.7,67.2,6.8,12.3,10.2,22.6,80.6,32,6.3,7,2,81.3,61.5,6.3,8,29.2,5.3,86.8,15.1,4300,82.9,32.5,69.5,16,13.1,46.1,5.3,9,266.8,44.9
Medford OR,26.6,8,18.1,24.9,171.5,25.9,15.2,59.8,10.3,14.4,13.8,30.4,77.3,43,14.9,-16.5,6,77.9,75.3,6.6,5.7,28.1,11.7,41.9,18.8,8300,80.5,30.8,45.7,21.2,23.1,48.9,7.1,12.8,476.8,37.4
Portland OR,24.5,8.2,20,26.1,186,19.3,16.4,70.7,7.7,12.1,10.1,24.4,81.2,39,31.5,-1.6,8,79,47.1,6.5,8.4,22.8,12.2,88.4,14.3,7100,81.6,32.2,61,16.6,18.2,51.7,6.6,9.9,539.6,64.7
Salem OR,22.5,8.3,16.6,27,191.4,21.2,18.1,65.5,9,14.2,13,29.2,69.7,35.9,16.2,-11.1,6,79,68.2,6.2,10.3,34,8.1,69.5,19.1,8100,77.1,32.5,58,18.6,33.9,43.3,6.8,10.9,395.7,41.8
Allentown PA,5.9,10.6,17.1,24.2,191.2,39.9,18.1,54.3,12.8,15.6,15.7,33.9,69.2,45.8,37.8,-27.5,10,77.7,46,8.9,9.3,36.7,8.8,56.4,31.6,8600,68,31.1,69.6,21.6,40,38.7,12.4,15.2,465.6,66.2
Bethlehem PA,7.7,10.4,18.7,27.6,196.5,22.2,18,62.2,10.1,13.2,12.5,31,85.1,36.7,34.8,-12,9,78.7,51,8.2,11.1,31.4,13.6,76.2,27.2,6400,77.1,35.7,63.8,18.2,16.6,53.4,6.3,9.6,790.8,59.4
Erie PA,30.2,10.4,17.5,33.8,200.2,39.1,18.2,59,11.3,15.9,14.9,31.4,76.4,35.1,42.6,-31.4,10,76,70.8,9.7,10.6,38,20.6,71,28.3,10700,77.9,35.4,59.7,23.6,35.9,31,9.1,9.3,305.5,58.4
Philadelphia PA,30.9,11.2,21,27.3,237.7,36,20,54.7,12.2,15.3,14.6,32.9,81.9,38.8,42.4,-23,10,75.4,22.3,10.7,34.1,29.3,2,94.3,27.1,9600,62.7,33.5,80.1,22.5,29.8,34.1,11.3,12,957.1,79
Pittsburgh PA,36.3,11.6,22.8,28.4,245.3,30.5,20.5,58.9,9.7,13.5,12,30.7,84.2,33.2,45.5,-19.2,10,76.1,54.7,9.5,23.4,30,43.7,90.9,22.5,10300,89.7,41.9,62.4,20.1,13.7,47.9,7,7.9,657.7,61.9
Reading PA,64.8,11.8,15.6,24.4,244.1,49.8,16.7,46.2,14.8,18.3,18.7,33.8,69.1,47.7,47.1,-41.5,10,74.9,14.2,8.1,8.8,41.2,22.8,98.3,38.6,10200,82,26,59.6,24.2,21.8,26,16.9,15.6,709.9,74.3
Scranton PA,31.9,9.6,18.9,21.5,205.6,34.2,16.1,59,11.2,14.9,14.4,33.3,73.2,37.9,47.6,-27.8,10,75,62.3,8.5,10.9,31.4,29.7,68.9,28.4,9700,78.1,33.2,55.5,21.3,19.6,45.2,6.3,8.4,259.2,56.6
Charleston SC,3.7,8.9,21.6,18.9,177.8,16.5,16.2,65.7,9,13,10.6,28.9,82.2,35.3,15.4,-0.8,4,78.8,70.4,8.7,14.8,27.4,10.6,51.5,20.1,6800,72.3,42.3,51.7,15.8,11.7,54.4,4.8,10.9,298.7,39.6
Columbia SC,16.7,10.3,19.2,49.5,305,28.3,25.2,57.1,10.1,15.8,12.3,29.4,61.4,37,20.5,-17,8,76.7,74.8,10.9,19.7,31.5,13.6,38.4,25.5,14200,69.3,35.9,67.6,18.3,19.7,34.4,8.4,11.7,747.7,38
Mount Pleasant SC,2.6,8.7,22.2,25.7,130.8,4.6,11.3,74.2,7.9,10.7,9.5,28,91.4,30.9,4.6,25.1,1,80.2,68.7,9.2,10.4,24.8,10.4,15.3,16.6,4900,71.3,47.7,39.5,13.2,17.5,73.1,3.5,6.8,211.8,20
North Charleston SC,6.2,9.2,18.4,12.7,191,36.1,14.6,51.7,12.3,16.4,14.7,34.2,84.3,43.6,10.1,-24.9,6,76,78.3,8.6,13.9,35.2,13.2,12.6,28.9,8000,71.5,34.6,71.2,22.2,21.4,31.3,7.1,20.9,966.9,26.1
Rock Hill SC,13.6,10.4,18.1,40.3,239.8,24.5,11,57.3,10.9,15,13.4,34.2,84.9,37.6,9.9,-17.7,4,76.9,77.5,8.2,12.3,34.1,11.6,41.7,30.1,9300,68.8,36.5,61.5,20.7,22.8,40.6,7.6,12.6,667.6,29.3
Rapid City SD,32.7,5,18.1,14.9,180.7,24.4,14.3,66.2,8.7,11.5,11.9,30.5,81.2,31.1,16.2,-13.3,5,79.3,81.4,6.7,7.8,28,5.1,51.7,19.9,8200,77.9,41.9,42.5,19.4,34.2,47.2,4.6,14.1,662.6,29.6
Sioux Falls SD,16,7.8,20,23.8,190.6,14.1,19.2,71.5,7.7,10.4,9.9,25.9,81.2,24.9,14.4,-5.4,3,79.9,76,6.6,12.5,31.5,6,63.5,18.6,6600,81.2,43.3,42.2,19,28.2,50.2,3.6,8.8,477.1,37.3
Chattanooga TN,12.3,10.6,12.8,26.5,266.9,32.8,14.9,58.5,13,14.8,15.5,40.1,84.8,34,20.3,-19.6,7,76.9,81.1,11.3,25.3,33.7,11.5,36.6,29.4,10400,68.3,29.4,59,23.3,33.2,31,7.4,13.3,1085.7,29.2
Clarksville TN,13,10.3,16.6,23.6,254.9,19.6,22,59.9,9.3,15.1,13.3,31.3,95.4,31.6,7.4,-13.2,3,76.3,88.6,7.3,7.2,36.5,10.9,21.5,26.2,8100,65.4,33.7,68.4,22.9,34.6,51.9,7.6,10.4,653.5,17.5
Murfreesboro TN,13.5,10.4,17.2,19.1,253.9,16.2,17.6,60.1,8.1,14.1,11.7,28.4,95.3,31.4,6.6,-5.8,3,77.7,78.6,8.7,7.2,29.7,15.5,15.1,23.9,8200,71.5,33.2,55.8,21.6,20.8,52.8,5.7,10.9,602.4,23.9
Nashville TN,22,10.8,16.5,27.3,243.8,28.2,17,62.2,9.9,13.8,13.1,32.9,81.6,33.5,14.6,-7.8,5,76.9,69.9,8.7,18.9,31.6,19.9,44.4,26.1,8500,68.5,33,70,22,29.2,32.5,5.3,15.3,1193.3,28.3
Abilene TX,13,7.9,17.9,25.5,264.5,23,16.9,53.1,10.7,13.3,13,30.3,95.8,30.2,20.5,-15.6,7,76.1,80.1,9.6,11.9,34.2,4.4,27.4,27.9,9500,67.9,32.3,64.5,20.8,37.8,76.2,4.6,17.5,518.7,30.9
Allen TX,6.7,10.4,19.4,15.3,214.7,6.7,10.6,69.3,7.3,10,8.6,24.2,97.8,26.4,2.6,32.6,1,81.6,75,7.6,4.1,27.3,6.1,76,19.1,4000,76.1,38.2,70.7,13.8,11.9,90.8,4.4,9.1,105.6,28
Amarillo TX,16.5,7.2,18.1,20.4,283.9,22.6,17.4,59,11,13,13.1,31.6,94.1,27.2,19.2,-10.5,6,76.1,71.8,9.4,20.4,33.5,4.4,46.2,27.7,9300,66.5,32.3,66.5,19.3,49,77.3,4.2,19.7,768.3,38.7
Arlington TX,13.1,10.4,17.1,25.1,211,24,15.8,57.4,10.6,12.5,11.8,28.7,87.9,34,7.2,-5.3,3,77.7,65.7,9,12.7,31.9,4,55.9,28.1,6200,52.9,36.4,83,18.7,29.5,71.4,5.5,20.9,535,37.4
Austin TX,13.8,10.1,20.9,21.1,171.3,21.4,12.6,65,7.9,11.4,9.4,22.5,95,36.4,8.5,3.3,3,79.9,75.1,7.5,16.3,25.4,6.6,56.4,20.4,5500,77.7,32.3,74.1,14.9,30.3,76.1,4.4,16.5,444.2,40.3
Baytown TX,20.3,10.1,16.9,37.3,241.6,23.4,21.4,55.4,11.7,13.4,13.5,31.3,88.9,29.1,14.8,-11.8,5,76.9,80.4,8.2,8.9,32.5,13.2,46,29.4,10500,65,28.9,71.5,17.5,28.9,70,9.5,25.3,382.4,31.5
Beaumont TX,25.2,9.4,15.3,17,246.4,30.8,19,53.9,13.7,13.2,13.5,36.5,86.5,31.2,15,-18.4,6,75.7,76.7,10.6,15,39.1,2.9,26.3,30.3,11100,66.7,28.4,72.6,19.9,41.7,60.9,5.6,23.4,1069.4,32.6
Bryan TX,11.6,9.7,17.4,19.3,217.1,32,20.8,60.2,9.7,13.9,12.5,27.6,90,35.8,11.1,-18.3,6,77.6,73.1,7.6,15.3,32.8,2.3,62.1,25.8,7500,71.3,31,72.5,18.9,18,68.1,5.2,22.4,450.6,32.9
Carrollton TX,12.7,10.5,17.8,20.2,183.4,17,17.7,64.2,9.5,11.1,10.6,28,96,29.6,5.2,11.3,2,79.9,71.9,7.7,13.7,30.6,4.8,55.1,23.8,4500,64.6,33,82.4,16.1,21.5,78.8,3.8,20.1,128.4,34.5
College Station TX,6.9,9.7,20.5,28,154.9,17.5,7.6,65.5,4.5,14.2,8,16.1,91.7,46.1,4.9,-23,6,79.5,83.4,7.6,6.7,24.5,2.3,73.4,18.2,4900,71.3,34.6,65.9,15.5,18,82.9,4.6,9.6,219.7,33.3
Corpus Christi TX,19,9.2,18.1,16.7,210.4,22.7,17.4,56.9,14.4,12.2,14.1,32.5,90.8,30.9,15.2,-9.6,5,77.5,78.5,8.6,16.2,37.2,10,74.9,30,8000,63.4,30.7,57.4,16.7,39.1,71.2,5.6,20.3,722.7,40.6
Dallas TX,13.2,10.4,16.9,22.1,229.8,34.2,17.8,54.6,11.7,13.2,12.8,31.7,87.6,37,15.5,-10.8,7,77.8,60.1,8.6,26.8,35.2,7,63.6,29.9,7800,62.4,28.9,80.2,18.3,51.6,64.1,5.9,27.3,811.1,65.5
Denton TX,17.1,10.2,19.5,18,207.7,20.5,18.8,61.1,7.5,13,10.1,24.4,96.6,40.1,7,-10.6,4,79,84.5,7.9,8.3,31.1,3.8,40.3,22.2,6200,74.1,33.9,61.4,17.8,14.4,73.6,6.4,18.4,323.9,33.2
Edinburg TX,34.4,8.9,15.9,19.5,272.5,33.8,16.5,52.6,10.9,12.5,12.2,26.7,93.5,32.8,5.7,-19.6,6,80.6,77.4,8.3,12.2,31.2,1.2,25.8,26.9,6700,63.8,27.3,27.2,14.4,54.6,79.2,6.1,25.3,354.3,42.1
El Paso TX,13.9,8.6,17.5,24.7,193.5,28.5,15.5,53.3,14.4,12.5,14.5,31.1,87.6,32.2,13.1,-18.7,6,79,66.9,8.3,14,34.5,5.5,56.3,29.4,6500,68.2,25.3,41.6,15.6,47.6,77.8,6.9,23.1,384.8,41.5
Fort Worth TX,17.6,10.1,17.2,27.3,229.3,23.4,16.8,54.9,11.6,13,12.7,29.5,89.3,31.7,14,-5.7,5,77.5,74.6,8.3,20.3,33.4,4.3,59.2,30.1,7700,64.3,33.2,76.6,19.5,36.9,68.1,5.8,21.1,599.4,46
Frisco TX,5.6,10.4,20.7,18.6,215,3.9,13.5,72.5,6.4,9.4,7.7,22.6,98.4,25.3,1.6,41.4,1,80.6,82.4,6.9,6.4,27.4,3.7,57.5,16.8,3800,78.6,38.8,71.7,13,5.4,89.4,4.1,6.8,120.8,38.9
Garland TX,18.8,10.4,16.5,21.8,192.2,24.9,14.9,57,11.3,12.9,12.7,31.7,90.7,34.8,9.3,-6.5,4,79,61.4,8.1,12.4,32.7,7.5,60.4,29.4,6500,63,29.7,84.8,18.3,34.9,72.4,7,26.1,318.6,46.2
Grand Prairie TX,13.4,10.4,17.6,25,227.2,19.2,20.2,58,10.4,12.4,11.7,29,90.2,29.9,8.6,-0.7,3,77.9,77.5,8.4,10.6,33.1,6,46.8,28.2,6300,59.9,30.1,82.5,17.7,30.6,70.9,6,20.7,308.7,46.2
Houston TX,14.4,11.3,16.2,30.5,239.2,33.3,19.4,54.2,12.1,13,12.9,30.4,86.6,36.3,13.3,-9.4,6,78.4,61.5,8.9,23.9,32.6,6.3,54.6,29.5,9300,61,28.7,81.9,16.5,57.9,68,6.6,26.4,1143,53.8
Irving TX,12.3,10.4,17.7,19.8,207.9,21.3,13.7,58.8,9.4,12.1,11.1,27,94,31.7,9,-2,3,78.3,57.6,8.5,18.4,30.6,5.9,59.7,26.8,5800,73.5,29.8,86.1,16.6,38.4,70.3,5,23.2,236.6,43.3
Killeen TX,20.6,9.5,19.6,25.3,244,19.5,18.5,58.5,9.1,13.6,11.2,28.3,87.3,34.2,5.2,-14.6,3,77.2,86.3,9.7,4.6,35.9,3.4,11.1,26.5,8100,72.6,30.3,85.7,20.5,54,72.6,9.9,13.1,805.8,27.9
Laredo TX,26.2,8,15.5,20,194.7,40.8,18.3,44.9,14.7,14.2,16,29.6,92.6,35.5,8.3,-22.8,7,79,70.8,8.3,12,40.7,6.6,54.6,38.1,6700,74.6,20.3,13.7,17.4,65.1,68.2,5.4,31.5,333.4,41.3
League City TX,9.1,10.1,20.8,22.1,154.2,8.6,8.6,69.7,8.1,10.3,9.4,27.8,97.2,22.1,2.8,30.5,1,80.9,83.8,8.7,5.1,31.2,3.8,19.4,20.1,4100,62.1,35.3,66,15.3,31.7,82.7,3.8,8.1,102.1,21.1
Lewisville TX,14.3,10.5,20,21.2,185.8,17.9,12,62.8,8,11.8,10.1,25,92.9,33.3,4.3,0.1,2,79.4,64.3,8,11.3,32.1,5.3,60.4,22.4,5900,68.2,32.2,81.8,17.8,27.6,65.3,4.3,20.3,273.6,37
Longview TX,16.5,9.9,17.3,19.2,253.7,24.9,19.2,55.8,12.2,13.6,13.8,34.5,95.5,32.7,12.7,-17,6,75.8,79.1,8.1,12.9,36.2,3.8,39.8,28.8,10400,65.9,32.4,65.6,19.8,45.1,69.9,5.7,22.7,481.8,29.8
McAllen TX,16.9,9,14.5,17.8,182.5,36.6,14.7,54.1,12.8,12,13.3,30.4,90.6,34.1,6.8,-20.1,6,81.1,79.1,8,9.2,31.4,1.2,53.8,27.9,5100,65.9,27.8,31.8,13.9,33.3,78.1,7.6,30.5,150.2,42.1
McKinney TX,10,10.3,19.8,23.7,178.6,8.8,13.9,65.7,7.7,11,9.5,25,98.3,29.2,3.6,19.1,1,80.6,76.6,7.6,9.5,29.4,3.8,49.8,21.2,5200,75.9,36.4,68.2,15.2,17.9,85.1,3.4,12.2,170.3,24.7
Mesquite TX,8.2,10.4,17.2,26.8,225.8,20.2,13.5,57.2,10.9,13.4,12.8,31.6,92.6,36,8.8,-8.7,4,77.7,70.7,8.6,9.7,34.3,6.7,43.7,28.8,7500,59.6,29.3,77,19.3,33.8,68.4,6.4,23.4,428.5,35.7
Midland TX,21.7,7.6,19.3,24.4,211.7,11.4,16.2,63.3,9.7,11.3,11.2,30.8,89.8,25.5,13.2,14,3,78.3,77.3,8.6,15.5,32.7,3.1,61.6,25.4,7500,66.7,32.7,63.7,16.3,50.3,64.1,3.8,21.2,294.4,40.6
Mission TX,20.3,8.9,14.6,25.8,228.2,33,18.8,53.6,12.4,12.3,13.4,30.8,90.3,33.2,4.7,-17.8,5,80.2,86.7,8.3,15.5,31.2,1.2,28.9,28.4,6700,63.8,29.7,22.9,14.3,54.6,74.7,8.7,33,119.2,33.3
Missouri City TX,9.6,11.2,16.1,25.4,202.8,8,17.4,67.8,11.2,9.8,9.8,32.1,93.8,23.7,4.2,21.1,1,79.8,86,8.7,18.2,32,4.8,46.5,22.1,6200,65.2,34.9,89.2,13.8,24,68.9,8.1,11.4,207.7,48.7
Odessa TX,15.1,7.5,18.2,26,277.1,14.9,16.2,53.4,11.2,12.4,12.5,30.7,88.2,24.2,18.6,-0.9,5,76.3,70,8.7,10.2,34.6,6.6,57.7,31.6,9000,70.8,28.9,58.6,17.8,59.8,60,6.2,22.3,798.2,42.5
Pasadena TX,18.6,10.8,16.9,20.7,224.9,27.9,8.5,52.8,11.5,13.9,14,28.5,91.9,31.3,14.8,-12.3,6,77.1,57.9,8.5,20.4,32.3,8.2,53.9,31.4,6900,51.3,28.7,58.2,17.3,47.1,74.8,9.7,28.9,463.8,48.7
Pharr TX,10.5,9,13.6,16.6,172.7,40.5,13,45.3,14,14.2,15.5,31.6,84.6,29.7,6,-29.7,7,81.6,81.2,8.3,11.3,34.3,1.2,27.7,33.2,5800,63.8,26.4,15.4,16.5,54.6,76.1,6.2,35.2,271.4,35.8
Plano TX,7.1,10.5,17.7,20.8,150.6,8.7,11.1,68.4,8.3,9.8,8.9,26.3,96.3,25.8,4,22.3,1,81.6,65.4,8.2,10.5,26.5,4,75.1,20.2,4100,75.3,38.1,76.7,12.9,11,83.1,4.2,12.5,155.9,38.9
Richardson TX,13.6,10.5,17.6,18.7,159.2,11,7.7,69.2,8.7,9.7,9.1,28.3,86.5,29.5,8.7,13.8,2,81.5,63,8,12,26.1,5.1,69.7,20.7,4400,69.9,36.4,79,12.9,25.7,84.3,5,16.3,178.1,42.9
Round Rock TX,11.7,10,21.8,26.7,199.5,11.5,16.5,66.3,7.8,11,9.7,26.2,96.7,28.8,2.9,12,1,79.2,84.3,7.4,5.8,33.2,4.7,81.2,21.5,5800,81.1,33.9,76.5,16.1,20.9,79.8,5.8,10.5,149.9,22.5
San Antonio TX,15.7,9.9,17.4,25.6,227.3,27.2,18.4,55.3,12.7,12.5,14.1,29.4,90.6,33.2,13.7,-12.7,6,78,75.8,9.1,16.7,37.8,6.8,40.6,30.2,8500,70.6,30,63,15.7,40.8,67,6.4,19.3,747.5,37.6
Sugar Land TX,6,11.1,16,17.5,150.7,6.7,12.5,72.4,9.7,8.5,8.4,28,96.2,24.2,4,35.9,1,81.8,81.3,8.8,10.3,24.4,7.5,37.6,19.7,4800,68.1,37.2,83.6,11.7,12.5,89.3,4.8,9.9,82.9,24.3
Tyler TX,15.4,9.9,16.5,19,215.6,27.4,14.9,51.8,12.1,12.9,13,33.4,88.9,33.8,14.9,-13.7,6,77.4,78.8,7.5,18.3,37.6,4.8,40.8,27.8,7900,61.2,31.2,72.2,18.4,34.6,65.2,6.6,20.6,455.1,35.5
Waco TX,15.6,10,16.4,18.7,259.3,34,22.4,54,11.6,15,13.7,31.3,91.6,39.9,17.3,-27.3,8,77.3,91,9.1,16,36.8,3.8,42.7,30.8,9600,66,27.6,70.3,20.1,40.4,57.7,6.1,19.5,528.1,34.2
Wichita Falls TX,19.1,8.5,18.2,24.5,248.5,29.2,22.8,59.4,11.7,13.4,12.8,32,98.1,31.5,20.6,-20.3,7,75.8,82.9,7.6,9.9,30.5,6.1,41.1,28.7,9100,76.8,31,66.7,21.2,43.1,69.4,5,18.4,356.1,29.8
Layton UT,14,8.3,10.1,25.9,260,9.5,11.4,74.4,7.6,11.5,10.3,23.1,93.5,22.8,6.4,6.2,1,79.6,82.2,6.4,5.9,28.8,14.7,30.7,18.1,5700,88.1,34.4,39.7,9.5,13.2,55.6,3.5,9.2,146.4,29
Ogden UT,16.4,8.1,12.9,22.4,235.4,27.2,14.1,64.8,9.5,14.5,13.8,27.4,64.8,33,27.6,-19.8,9,77,64.7,7.6,14.1,36.1,28.8,79.5,26.2,10700,84.7,29.5,50.3,13.9,26.6,44.5,6.4,18.9,545.3,45.7
Orem UT,44.4,7.1,9.2,28.3,202.7,18.8,8.1,71.5,7.1,12.2,9.4,20.6,88,28.2,9.8,-3.8,3,80.4,56.7,6.4,6.3,25.6,16.4,63.1,14.4,6100,82.8,30.5,48.1,8.6,11.6,46.7,5.2,13.8,74,47.2
Provo UT,11.9,7,9.1,21.7,177.2,17,11.2,65.3,5.1,15.2,8.8,15.6,77.6,39.7,14.5,-16.1,8,79.7,61.1,5.7,9,24.8,15.8,62.3,14.8,6000,77.3,31.1,46.3,9.4,8.7,58.5,5,12.5,127.9,47.2
Salt Lake City UT,14.3,8.2,15.1,30.5,195.1,22.4,14.9,68.5,7.4,12.2,10.1,22.4,87,32.5,32.9,-7.2,9,78.4,46.6,7.3,16.2,25.8,28.1,81.5,16.9,8600,80.4,33.3,61.1,10.9,35.9,56.1,4.6,16,894.8,57.2
Sandy UT,8.1,7.8,16,24.3,185.5,8.3,13.1,76.6,6.9,10.7,9.1,23.4,67.6,23.3,7.1,19.9,1,79.7,62.9,7.4,7.5,24.2,16.6,72.4,13.8,5700,83.1,36.4,41.7,9.7,21.9,64.1,3.4,8.5,233,49.4
West Jordan UT,24.1,8,17.1,28.3,164.7,9.4,11.6,71.4,6.1,12.4,9.4,20,88.6,26,4.3,7.4,1,79.1,65.4,7.6,4.8,25.9,14.6,56.1,15.5,6100,85,34.1,52.4,12,17.2,44.6,4.2,11,265.9,27.4
West Valley City UT,11.9,8.2,14.4,31.3,199,19.8,14.5,61.4,8.7,14.3,12.3,24.3,80.3,29.7,8.5,-4.6,3,77.6,53.5,7.8,5.8,29.2,15.4,55.6,21.5,7400,76.3,29,69.5,14.1,38.8,33.9,5.4,22.3,595.8,35.8
Alexandria VA,16.4,9.4,19.2,26,145.2,17.7,9.5,71,7.2,10,8.5,26.1,82.2,33.8,18.5,25.2,4,81.1,31.4,6.9,12.7,25.2,5.4,94.3,17.1,4500,77.6,42.4,78.5,13.5,24.2,74.2,3.9,14.7,173,59.9
Chesapeake VA,11.6,8.6,16.6,26.7,191.3,15.5,13.3,72.5,10.3,11.7,10.8,32.9,93.7,34.4,8.7,7.7,2,78.1,76.1,8.5,12.7,32.8,13.2,41.8,22.6,6800,87.4,40.2,66.2,17.2,15.5,77.9,5.8,9.2,431.4,22.1
Portsmouth VA,19.6,8.8,14.7,29.7,233.8,30.7,19.7,60.5,12.8,13.5,13.3,38.1,89.2,41.7,23.9,-17.5,7,73.8,68.7,11.3,21.3,36.6,20.2,46.8,28,11100,78.6,35.3,63.8,22.3,38.6,72.6,9.7,14,704.7,36.9
Suffolk VA,15,8.7,16.1,27.9,206.1,16.8,18.1,67.4,11.4,12.2,11.9,37.2,87.8,36.5,13.2,0.8,3,76.5,81.1,9,15.9,33.6,8.2,7.2,24.3,7100,79,37.1,63.7,19.1,18.8,77.7,6.7,9.3,314.7,15.5
Burlington VT,9.9,6,21.8,21.4,174.2,25.6,11.1,70.5,5.5,13.8,9.6,18.8,79.6,46.6,35.4,-18.6,9,80,60.4,6.8,6.8,21.9,15.4,83.8,15.9,7200,88.5,35.3,42.8,15.4,4.8,45.2,5.8,4.6,310.2,56.1
Auburn WA,35.9,6.9,17.6,27,206.2,20.3,15.7,64.5,9.1,13.1,12.4,27.8,77.2,36,10,2.4,3,78.8,67.3,6.6,6.1,27.7,9.6,65.6,18.3,8500,77.3,35.6,75.2,16.2,14.7,59.9,6.4,10.8,497.3,30.9
Bellevue WA,12.9,7.1,16.6,23,105.4,8.2,9.2,76.7,7.3,8.3,7.9,24.7,89.4,30.5,10.7,31.1,2,84.1,64.8,6.8,5.8,19.8,4.2,87.8,12.3,3300,79.8,42.5,69.8,8.7,3.5,73.4,4.6,7.1,105.3,48.9
Bellingham WA,29.2,7.4,19,29.2,187.4,14.9,18.5,63.7,7.4,13.4,11.2,23.5,77.7,42.3,20,-16.6,7,81,61.3,5.7,3.6,27.6,13.7,91.6,15.3,6400,74.5,36.4,45.9,15.1,11.8,55.7,6.7,7.9,305.5,48.6
Everett WA,31.4,7.1,17.1,36.7,248.7,23.2,20.6,60.2,8.6,12.9,12.2,28.6,78.8,41.2,18.5,-8.8,6,78.2,54.4,7.4,7.7,31.4,27.2,62.4,19.8,10100,72.6,31.8,64.7,18.3,28,48.4,7.2,11.9,466.3,47.6
Federal Way WA,30.1,7.2,16.7,28.2,175.7,18.3,12.1,65,9.5,12.4,11.7,28.1,67.2,38.3,7.5,2.3,3,79.3,65.1,6.6,3.8,26.7,9.8,60.5,18.2,6500,80.1,35.9,83.7,14.7,9.8,40.9,6.3,12.9,468.2,36.6
Kennewick WA,22.3,8.7,17.8,29.8,214.1,24.6,14.7,63.2,10.1,13.6,13.6,29.4,77.7,30.9,11.8,-10.5,4,79.2,59.1,6.1,9.8,34.6,12.5,57.1,20.2,6900,74.1,29.8,55,18.3,27.8,48.1,6.6,13,273.2,33.5
Kent WA,30.9,6.9,16.8,27.1,189.2,21.2,16,62.1,9.2,13.1,12.2,27.2,46.2,39.7,8.1,1.8,3,79.8,66.2,6.6,7.2,27.4,8.4,71.4,19.1,6200,80.1,35.1,82.7,16.1,9.8,42.4,6.5,11.3,370.5,39.7
Renton WA,27.3,7,17,26.4,162.9,14.5,16.8,68.2,8.4,11,10.1,26,71.9,37.4,10.8,7.4,3,81.4,67.7,6.6,5.9,24.4,9,60.6,16.2,6600,80.1,37.5,85.1,13.1,9.8,46.6,4.6,10.7,333,38.7
Seattle WA,20.7,7.2,18.8,21.7,149.2,13.4,12.8,73.2,7.1,10,8.6,23.4,76.5,35,28.8,14.5,7,81.2,34.8,6.7,12,22.7,14,95.9,13,5200,85.2,39.2,69.4,10.8,6.7,65.4,4.7,6.7,682.4,73.1
Spokane WA,32.7,11.1,17.7,24.7,200.9,24.1,15.5,60.9,9.6,13.9,13.5,29.3,82.9,36.7,31.4,-17.9,9,77.6,58.5,7.8,5.8,30.6,13.3,82.3,19.9,9400,82.8,35,42.4,19.4,31.7,49.4,6.5,9.3,641.3,48
Spokane Valley WA,35,11.3,18.1,22.5,162.1,21.6,17.1,63.9,9.6,13,13.1,30.2,81.3,34.8,15.1,-13.9,4,77.8,75.2,7.4,5.1,30.1,7.5,22,19,6900,82.8,36.1,30.5,18.6,18.6,52.7,5.3,10.9,214.3,31
Tacoma WA,65.8,7.2,16.5,25.8,222.5,21.7,18.9,62.1,9.7,13.7,13.1,32.1,64.8,39.3,28.2,-9.6,8,77.6,54.7,7.6,7.9,32.6,15.8,69.8,20.4,9500,70.8,35.5,76.3,18.2,31.3,47.2,6.7,11.8,844.8,53.2
Vancouver WA,34,7.7,16.6,30.5,199.9,20.5,18.8,66.3,9.6,13.1,12.8,29.1,69.4,35.9,11.7,-6.2,4,78.6,65.9,6.2,5.2,31.1,14.5,70.5,18.8,8800,73,34.6,56.2,17.5,32.3,48,7.1,11.5,383.6,41.5
Yakima WA,26.4,7.2,15.4,20.2,217.3,31.4,18.6,57.4,11,14.9,15.5,30,70.4,35.2,24,-19.7,8,78.2,59,6.9,15,33.9,8.4,64.9,24.7,8400,76.7,30,56.9,18.8,42.2,34.4,7.9,18.8,635.3,49.8
Charleston WV,25.7,9.9,12.5,30.1,223.3,32.6,22.6,62,13.5,14.5,15.6,39.5,88.3,27.5,31.4,-13,9,75.9,78.1,10.4,15.4,37,62.9,26.7,25.3,13100,77.4,43.8,40.5,21.8,36.7,46.9,6.3,9.6,1139.2,31.9
Cheyenne WY,19.9,4.3,16.4,24.5,197.3,12.2,14.2,69.2,8.7,11.7,11.4,29.9,82.2,28.1,20.7,-4.2,4,80.7,78.4,10.4,7.6,29.2,6.7,68.6,23.7,9200,77.5,32.8,44.1,19.7,29.6,57.8,5.9,10.3,332.4,38.3
